Country,,Q1,Q2,Q3,Q4
Albania,1992,142.33,173.16,260.81,285.46
Albania,1993,196.56,130.75,67.75,33.04
Albania,1994,22.86,35.42,19.16,14.51
Albania,1995,15.86,5.26,4.45,6.35
Albania,1996,6.35,8.27,17.95,18.45
Albania,1997,24.75,34.67,33.09,39.38
Albania,1998,35.46,23.96,16.68,9.58
Albania,1999,3.81,-0.08,-0.79,-1.34
Albania,2000,-1.57,-0.46,-0.35,2.64
Albania,2001,2.18,3.15,4.42,2.73
Albania,2002,7.26,4.98,5.07,4.06
Albania,2003,1.25,3.52,3.66,2.83
Albania,2004,3.37,1.9,1.74,2.11
Albania,2005,2.23,2.04,2.41,2.79
Albania,2006,1.41,2.63,2.89,2.56
Albania,2007,2.81,1.78,3.55,3.59
Albania,2008,3.73,4.23,2.97,2.52
Albania,2009,1.84,2.09,2.11,3.08
Albania,2010,4.33,3.37,3.45,3.06
Albania,2011,4.02,4.08,3.18,2.53
Albania,2012,1.06,1.9,2.74,2.46
Albania,2013,2.52,2.21,1.51,1.51
Albania,2014,1.91,1.59,1.77,1.25
Albania,2015,1.91,1.82,1.78,2.05
Antigua and Barbuda,1999,1.34,0.81,1.31,1.02
Antigua and Barbuda,2000,0.41,1.49,0.65,0.54
Antigua and Barbuda,2001,1.88,1.18,1.34,1.22
Antigua and Barbuda,2002,2.04,2.43,2.44,2.72
Antigua and Barbuda,2003,2.31,1.32,2.27,2.08
Antigua and Barbuda,2004,1.35,2.69,1.96,2.12
Antigua and Barbuda,2005,2.1,1.42,1.9,2.97
Antigua and Barbuda,2006,2.6,2.39,2.07,0.12
Antigua and Barbuda,2007,0.26,0.14,1.35,3.91
Antigua and Barbuda,2008,5.46,6.39,6.26,3.28
Antigua and Barbuda,2009,-0.34,-1.29,-1.44,0.88
Antigua and Barbuda,2010,3.36,4.09,3.3,2.75
Antigua and Barbuda,2011,2.52,3.18,4.14,3.97
Antigua and Barbuda,2012,5.12,4.08,2.52,1.86
Antigua and Barbuda,2013,1.49,0.94,0.56,1.26
Antigua and Barbuda,2014,0.5,0.79,1.81,1.25
Antigua and Barbuda,2015,1.55,0.72,,
Argentina,1980,123.39,113.31,91,88.74
Argentina,1981,82.32,89.19,112.78,122.68
Argentina,1982,147.49,129.98,155.84,202.98
Argentina,1983,244.63,313.53,338.72,403.51
Argentina,1984,446.6,559.07,655.27,688.01
Argentina,1985,814.62,1036.21,795.92,452.44
Argentina,1986,229.87,81.51,59.35,78.51
Argentina,1987,98.31,105.49,126.74,173.11
Argentina,1988,192.12,286.67,422.76,383.91
Argentina,1989,387.87,952.38,3796.68,4144.8
Argentina,1990,14029.5,8720.53,1827.37,1629.13
Argentina,1991,452.99,230.39,142.91,92.25
Argentina,1992,46.59,22.28,18.48,17.8
Argentina,1993,13.44,12.09,9.55,7.72
Argentina,1994,5.85,3.57,3.72,3.64
Argentina,1995,4.84,4.22,2.68,1.84
Argentina,1996,0.41,-0.22,0.14,0.29
Argentina,1997,0.71,0.73,0.64,0.04
Argentina,1998,0.59,1.16,1.14,0.8
Argentina,1999,-0.04,-1.08,-1.79,-1.76
Argentina,2000,-1.27,-1.07,-0.78,-0.64
Argentina,2001,-1.4,-0.11,-1.14,-1.62
Argentina,2002,4.2,23.26,35.98,40.31
Argentina,2003,35.72,14.53,5.22,3.73
Argentina,2004,2.43,4.09,5.38,5.75
Argentina,2005,8.16,8.79,9.84,11.68
Argentina,2006,11.58,11.39,10.59,10.12
Argentina,2007,9.47,8.82,8.63,8.46
Argentina,2008,8.5,9.09,8.94,7.84
Argentina,2009,6.61,5.48,5.88,7.12
Argentina,2010,9.02,10.64,11.12,11.09
Argentina,2011,10.13,9.69,9.77,9.5
Argentina,2012,9.71,9.87,9.95,10.57
Argentina,2013,10.83,10.43,10.56,10.66
Argentina,2015,18.46,15.39,14.7,
Armenia,1994,14308.2,16327.9,17219.6,2482.28
Armenia,1995,723.55,218.93,150.64,73.14
Armenia,1996,33.59,17.55,16.25,9.5
Armenia,1997,4.2,10.29,19.53,22.25
Armenia,1998,24.35,13.73,0.54,-1.88
Armenia,1999,-3.9,-0.85,4.22,3.77
Armenia,2000,0.11,-1.55,-0.98,-0.74
Armenia,2001,2.5,4.13,3.21,2.75
Armenia,2002,0.43,3.04,-0.17,0.88
Armenia,2003,3.36,3.01,5.13,7.53
Armenia,2004,7.87,7.32,8.39,4.31
Armenia,2005,4.4,0.2,-1.83,-0.26
Armenia,2006,-2.04,1.73,6.64,5.69
Armenia,2007,4.84,4.26,2.16,6.38
Armenia,2008,7.89,10.06,11.16,6.79
Armenia,2009,2,3.34,3.4,4.87
Armenia,2010,9.13,6.84,8.07,8.73
Armenia,2011,11.07,8.79,5.75,5.08
Armenia,2012,3.34,1.04,2.44,3.41
Armenia,2013,3,5.19,8.67,6.45
Armenia,2014,4.63,3.29,0.9,3.12
Armenia,2015,5.13,5.12,3.72,0.98
Australia,1980,10.4,11,9.9,9.2
Australia,1981,9.4,8.4,9,11
Australia,1982,10.8,10.9,12.4,11.3
Australia,1983,11.4,11.1,9.2,8.6
Australia,1984,5.8,4,3.7,2.5
Australia,1985,4.4,6.6,7.6,8.3
Australia,1986,9.2,8.5,8.8,9.6
Australia,1987,9.4,9.3,8.3,7.2
Australia,1988,6.8,7.2,7.3,7.6
Australia,1989,6.8,7.5,8,7.8
Australia,1990,8.7,7.7,6.1,6.9
Australia,1991,4.8,3.3,3.1,1.5
Australia,1992,1.7,1.2,0.8,0.3
Australia,1993,1.2,1.8,2.2,1.8
Australia,1994,1.5,1.8,2,2.6
Australia,1995,3.7,4.5,5.1,5.1
Australia,1996,3.8,3.1,2.1,1.5
Australia,1997,1.4,0.3,-0.4,-0.3
Australia,1998,-0.1,0.7,1.4,1.5
Australia,1999,1.2,1,1.8,1.9
Australia,2000,2.8,3.1,6.1,5.8
Australia,2001,6,6.1,2.5,3.1
Australia,2002,3,2.8,3.2,2.9
Australia,2003,3.3,2.6,2.6,2.4
Australia,2004,2,2.5,2.3,2.5
Australia,2005,2.4,2.5,3.1,2.8
Australia,2006,2.9,4,4,3.3
Australia,2007,2.5,2.1,1.8,2.9
Australia,2008,4.3,4.4,5,3.7
Australia,2009,2.4,1.4,1.2,2.1
Australia,2010,2.9,3.1,2.9,2.8
Australia,2011,3.3,3.5,3.4,3
Australia,2012,1.6,1.2,2,2.2
Australia,2013,2.5,2.4,2.2,2.7
Australia,2014,2.9,3,2.3,1.7
Australia,2015,1.3,1.5,1.5,1.7
Austria,1980,5.3,6.46,6.94,6.58
Austria,1981,6.96,6.82,6.6,6.85
Austria,1982,6.03,5.92,5.16,4.68
Austria,1983,3.89,2.66,3.1,3.69
Austria,1984,5.72,6.04,5.71,5.2
Austria,1985,3.45,3.62,3,2.7
Austria,1986,2.39,1.46,1.63,1.32
Austria,1987,0.32,1.38,2.27,1.7
Austria,1988,2.13,1.75,1.92,1.87
Austria,1989,2.28,2.59,2.59,2.8
Austria,1990,3.05,3.03,3.3,3.66
Austria,1991,3.4,3.46,3.5,2.99
Austria,1992,4.03,4.09,3.9,4.1
Austria,1993,3.87,3.7,3.45,3.49
Austria,1994,3.09,2.94,3.03,2.77
Austria,1995,2.47,2.53,2.13,1.88
Austria,1996,1.91,1.87,1.12,2.49
Austria,1997,1.68,1.4,1.13,1.03
Austria,1998,1.06,1.02,0.89,0.72
Austria,1999,0.46,0.36,0.46,0.98
Austria,2000,1.62,2.16,2.91,2.89
Austria,2001,2.83,3.09,2.61,2.13
Austria,2002,1.93,1.79,1.72,1.78
Austria,2003,1.77,1.18,1.27,1.21
Austria,2004,1.36,1.99,2.17,2.73
Austria,2005,2.87,2.41,2.21,1.74
Austria,2006,1.19,1.72,1.58,1.31
Austria,2007,1.66,1.9,1.93,3.18
Austria,2008,3.32,3.61,3.73,2.22
Austria,2009,1.1,0.28,0.03,0.62
Austria,2010,1.4,1.95,1.8,2.1
Austria,2011,2.86,3.29,3.53,3.38
Austria,2012,2.59,2.22,2.35,2.78
Austria,2013,2.49,2.14,1.82,1.56
Austria,2014,1.59,1.76,1.67,1.41
Austria,2015,0.86,1,0.97,0.82
Bahamas,1980,11.69,11.86,12.43,12.37
Bahamas,1981,12.35,12.74,10.51,9.06
Bahamas,1982,7.65,5.91,5.7,4.89
Bahamas,1983,4.9,4.51,3.55,3.38
Bahamas,1984,3.58,4.01,3.47,4.65
Bahamas,1985,4.41,4.35,5,4.52
Bahamas,1986,4.68,4.99,5.47,6.57
Bahamas,1987,6.83,5.98,5.71,4.56
Bahamas,1988,3.95,3.69,4.84,5.11
Bahamas,1989,5.93,6.21,4.99,4.46
Bahamas,1990,4.08,3.74,4.31,6.52
Bahamas,1991,6.78,7.65,7.02,7.01
Bahamas,1992,6.9,6.64,6,3.51
Bahamas,1993,2.07,3.04,3.13,2.64
Bahamas,1994,2.63,0.76,0.69,1.54
Bahamas,1995,2.06,2.27,2.42,1.53
Bahamas,1996,1.55,1.51,1.3,1.17
Bahamas,1997,0.53,0.49,0.39,0.76
Bahamas,1998,0.95,1.21,1.34,1.83
Bahamas,1999,1.47,1,1.1,1.44
Bahamas,2000,1.9,1.96,1.73,0.85
Bahamas,2001,1.32,2.01,2.11,2.73
Bahamas,2002,2.46,1.7,2.37,2.17
Bahamas,2003,3.16,3.49,2.98,2.48
Bahamas,2004,1.12,0.85,1,0.96
Bahamas,2005,1.15,1.67,1.66,1.88
Bahamas,2006,1.71,2.44,2.75,2.65
Bahamas,2007,3.06,2.21,2.06,2.65
Bahamas,2008,2.55,4.66,5.69,5.03
Bahamas,2009,4.21,1.97,0.96,1.2
Bahamas,2010,1.46,1.44,1.07,1.41
Bahamas,2011,2.5,3.39,3.72,3.19
Bahamas,2012,2.51,2.34,1.81,1.29
Bahamas,2013,0.58,0.19,0.08,0.54
Bahamas,2014,2.05,1.51,1.53,0.93
Bahamas,2015,1.86,1.71,,
Barbados,1980,15.35,17.36,13.2,12.16
Barbados,1981,15.3,14.73,14.05,14.25
Barbados,1982,9.82,11.69,11.79,8.12
Barbados,1983,6.97,4.8,4.27,4.97
Barbados,1984,4.98,4.78,4.43,4.57
Barbados,1985,5.52,4.09,3.44,2.67
Barbados,1986,2.27,1.65,1.2,0.22
Barbados,1987,-0.18,3.23,4.56,5.64
Barbados,1988,6.01,4.02,4.49,4.96
Barbados,1989,5.93,5.83,6.52,6.45
Barbados,1990,4.6,3.23,1.62,2.91
Barbados,1991,4.34,5.92,6.06,8.63
Barbados,1992,6.68,5.96,8.18,3.69
Barbados,1993,3.53,2.25,0.11,-1.3
Barbados,1994,-1.49,-0.34,0.53,1.61
Barbados,1995,2.04,1.2,1.73,2.54
Barbados,1996,2.76,3.61,1.47,1.75
Barbados,1997,9,8.56,9.38,3.96
Barbados,1998,-2.37,-1.46,-2.8,1.65
Barbados,1999,0.9,-0.5,2.7,3.13
Barbados,2000,2.44,2.23,1.65,3.41
Barbados,2001,2.81,4.55,3.3,-0.22
Barbados,2002,1.49,-0.23,-1.14,0.51
Barbados,2003,0.98,2.37,2.06,0.9
Barbados,2004,0.37,0.3,1.69,3.39
Barbados,2005,4.4,6.2,6.45,7.13
Barbados,2006,8.1,7.12,7.89,6.18
Barbados,2007,4.6,3.63,3.26,4.66
Barbados,2008,4.82,8.31,10.76,8.44
Barbados,2009,6.94,2.61,1.88,3.36
Barbados,2010,5.59,7.76,4.77,5.25
Barbados,2011,7.84,8.79,10.45,10.59
Barbados,2012,7.85,5.11,2.8,2.58
Barbados,2013,1.45,1.76,2.47,1.53
Barbados,2014,1.13,1.63,2.45,2.32
Barbados,2015,-0.1,-0.49,,
Belgium,1980,6.32,6.35,6.52,7.38
Belgium,1981,7.22,7.26,8.1,7.92
Belgium,1982,7.62,9.25,9.08,8.92
Belgium,1983,8.68,7.6,7.59,6.84
Belgium,1984,7.02,7.15,5.8,5.48
Belgium,1985,5.37,5.28,4.75,4.09
Belgium,1986,2.5,1.27,0.78,0.66
Belgium,1987,1.05,1.59,2.01,1.56
Belgium,1988,0.98,1,1.04,1.62
Belgium,1989,2.57,3,3.24,3.61
Belgium,1990,3.46,3.09,3.32,3.93
Belgium,1991,3.71,3.24,3.29,2.61
Belgium,1992,2.42,2.73,2.32,2.26
Belgium,1993,2.85,2.66,2.86,2.65
Belgium,1994,2.41,2.58,2.54,1.99
Belgium,1995,1.81,1.45,1.22,1.38
Belgium,1996,1.95,1.91,1.93,2.44
Belgium,1997,1.91,1.53,1.78,1.29
Belgium,1998,0.73,1.65,0.76,0.68
Belgium,1999,1.05,0.91,0.92,1.59
Belgium,2000,2,2.31,3.01,2.86
Belgium,2001,2.19,2.96,2.53,2.22
Belgium,2002,2.73,1.34,1.26,1.26
Belgium,2003,1.57,1.38,1.69,1.73
Belgium,2004,1.33,2.26,2.23,2.56
Belgium,2005,2.63,2.71,3.14,2.64
Belgium,2006,2.23,2.01,1.49,1.44
Belgium,2007,1.75,1.44,1.33,2.76
Belgium,2008,3.83,5.06,5.59,3.49
Belgium,2009,1.62,-0.3,-1.22,-0.28
Belgium,2010,0.99,2.18,2.6,2.99
Belgium,2011,3.38,3.48,3.64,3.63
Belgium,2012,3.56,2.75,2.64,2.42
Belgium,2013,1.25,1.26,1.14,0.8
Belgium,2014,1,0.41,0.08,-0.13
Belgium,2015,-0.49,0.5,0.81,1.43
Benin,1993,0.62,-0.41,0.84,0.74
Benin,1994,28.83,35.89,39.22,50.05
Benin,1995,22.3,15.32,14.26,7.26
Benin,1996,4.63,4.42,5.83,4.77
Benin,1997,4.65,4.64,1.67,2.97
Benin,1998,5.8,6.79,5.71,4.71
Benin,1999,1.32,-0.18,1.16,-0.97
Benin,2000,0.3,3.17,4.83,8.41
Benin,2001,6.12,4.41,3.46,2.09
Benin,2002,2.83,2.11,3.01,2.02
Benin,2003,3.14,1.63,-0.08,1.3
Benin,2004,0.3,0.19,1.27,1.74
Benin,2005,3.84,5.29,6.89,5.43
Benin,2006,4.91,5.1,1.8,3.38
Benin,2007,2.42,0,0.81,1.98
Benin,2008,5.1,8.53,14.78,11.46
Benin,2009,3.46,1.73,-1.9,-1.85
Benin,2010,1.91,2.96,0.99,3.37
Benin,2011,3.51,2.2,3.39,1.79
Benin,2012,6.55,6.74,6.4,7.31
Benin,2013,2.58,1.93,1.36,-1.92
Benin,2014,-1.03,-0.73,-2.04,-0.54
Benin,2015,-0.83,-0.09,,
Bolivia,1980,46.26,52.25,53.37,38.53
Bolivia,1981,37.43,32.21,30.38,29.26
Bolivia,1982,28.4,62.92,132.91,256.4
Bolivia,1983,279.87,278.33,257.85,284.4
Bolivia,1984,420.53,953.85,1001.14,1861.91
Bolivia,1985,6840.3,6713.32,20070.2,10507.4
Bolivia,1986,2697.22,1083.45,183.03,84.65
Bolivia,1987,22.69,16.11,10.16,10.62
Bolivia,1988,8.09,13.46,20.99,21.05
Bolivia,1989,21.52,14.17,10.43,15.37
Bolivia,1990,16.53,16.94,17.55,17.4
Bolivia,1991,24.03,24.29,21.88,16.26
Bolivia,1992,12.39,12.67,12.24,10.99
Bolivia,1993,8.39,7.5,8.87,9.31
Bolivia,1994,8.06,8.05,7.15,8.24
Bolivia,1995,8.91,10.77,9.72,11.31
Bolivia,1996,14.59,12.41,13.35,9.57
Bolivia,1997,4.5,4.8,4.65,4.87
Bolivia,1998,8.86,8.56,6.72,6.65
Bolivia,1999,2.58,1.45,1.99,2.6
Bolivia,2000,3.91,4.81,5.1,4.59
Bolivia,2001,2.52,1.94,1.73,0.23
Bolivia,2002,0.81,0.55,0.25,2.07
Bolivia,2003,2.7,3.17,3.63,3.85
Bolivia,2004,4.33,4.41,4.55,4.45
Bolivia,2005,5.46,5.76,5.41,4.98
Bolivia,2006,3.94,4.05,4.42,4.7
Bolivia,2007,6.6,6.58,9.89,11.64
Bolivia,2008,12.92,16.47,14.34,12.4
Bolivia,2009,8.55,3.53,1.17,0.5
Bolivia,2010,0.36,1.31,2.68,5.65
Bolivia,2011,9.83,11.19,10.51,7.81
Bolivia,2012,4.84,4.39,4.39,4.72
Bolivia,2013,4.93,4.82,6.09,6.98
Bolivia,2014,6.19,6.64,5.94,4.41
Bolivia,2015,5.39,3.8,3.45,
Botswana,1980,15.57,13.97,11.9,13.26
Botswana,1981,17.63,17.9,15.61,14.79
Botswana,1982,8.98,10.16,12.65,12.6
Botswana,1983,13,11.99,8.97,8.27
Botswana,1984,9.17,8.68,8.99,7.52
Botswana,1985,5.65,7.91,8.87,9.83
Botswana,1986,11.67,9.68,8.88,9.88
Botswana,1987,9.84,10.56,10.01,8.84
Botswana,1988,7.31,7.24,8.56,10.2
Botswana,1989,12.08,12.2,11.37,10.72
Botswana,1990,11.51,11.23,10.81,12.02
Botswana,1991,11.53,10.84,12.12,12.51
Botswana,1992,13.67,16.89,17.27,16.71
Botswana,1993,16.35,14.21,13.9,13.06
Botswana,1994,11.33,10.98,10.19,9.76
Botswana,1995,10.64,10.27,10.47,10.66
Botswana,1996,10.38,10.35,10.08,9.56
Botswana,1997,8.91,9.05,8.6,8.35
Botswana,1998,7.56,6.93,6.05,6.16
Botswana,1999,7.03,7.14,8.14,8.65
Botswana,2000,8.35,8.71,8.89,8.44
Botswana,2001,7.58,6.92,6.02,5.79
Botswana,2002,5.8,6.21,9.63,10.36
Botswana,2003,11.06,11.42,7.9,6.65
Botswana,2004,6.45,6.88,6.78,7.66
Botswana,2005,7.24,6.52,9.28,11.28
Botswana,2006,13.18,13.43,11.03,8.84
Botswana,2007,7.05,6.35,7.21,7.69
Botswana,2008,9.11,12.58,14.68,14.25
Botswana,2009,12.04,8.49,6.36,5.63
Botswana,2010,6.06,7.57,6.93,7.22
Botswana,2011,8.29,8.11,8.35,9.06
Botswana,2012,8.38,7.48,7.02,7.33
Botswana,2013,7.49,6.37,5.42,4.35
Botswana,2014,4.47,4.55,4.5,4.11
Botswana,2015,3.11,3.06,3.02,3.05
Brasil,1981,101.27,103.23,106.21,97.26
Brasil,1982,96.64,99.06,102.34,102.47
Brasil,1983,110.78,116.76,136.65,161.05
Brasil,1984,170.75,187.11,190.45,206.63
Brasil,1985,225.38,219.38,221.23,233.42
Brasil,1986,247.94,196.5,135.69,87.41
Brasil,1987,84.77,181.41,264.98,345.23
Brasil,1988,398.06,397.47,559.2,876.59
Brasil,1989,1112.85,965.89,1180.03,1731.47
Brasil,1990,4310.22,6038.53,3871.13,1997.17
Brasil,1991,640.17,373.82,380,447.45
Brasil,1992,529.9,772.46,1012.3,1117.31
Brasil,1993,1191.33,1390.56,1756.94,2287.34
Brasil,1994,3104.74,4452.97,2931.62,1216.33
Brasil,1995,404.19,81.38,26.49,23.05
Brasil,1996,21.5,17.61,14.1,10.77
Brasil,1997,9.06,7.76,5.72,5.31
Brasil,1998,4.65,3.74,2.63,1.82
Brasil,1999,2.3,3.27,5.5,8.36
Brasil,2000,7.87,6.59,7.56,6.2
Brasil,2001,6.21,7,6.64,7.49
Brasil,2002,7.62,7.8,7.64,10.65
Brasil,2003,15.64,16.85,15.22,11.39
Brasil,2004,6.75,5.49,6.9,7.24
Brasil,2005,7.44,7.8,6.21,6.09
Brasil,2006,5.51,4.3,3.83,3.14
Brasil,2007,3,3.29,4.01,4.24
Brasil,2008,4.61,5.54,6.25,6.22
Brasil,2009,5.78,5.18,4.4,4.23
Brasil,2010,4.86,5.1,4.6,5.59
Brasil,2011,6.1,6.59,7.14,6.7
Brasil,2012,5.76,5,5.24,5.61
Brasil,2013,6.35,6.56,6.07,5.84
Brasil,2014,5.81,6.4,6.59,6.52
Brasil,2015,7.66,8.51,9.52,10.36
Bulgaria,1992,153.83,87.6,76.05,78.91
Bulgaria,1993,82.86,76.71,70.37,65.65
Bulgaria,1994,59.91,92.59,101.52,119.83
Bulgaria,1995,120.17,67.23,52.83,35.7
Bulgaria,1996,28.3,46.68,138.65,250.78
Bulgaria,1997,1475.7,1715.64,1074.51,676.84
Bulgaria,1998,65.68,18.26,5.59,2.02
Bulgaria,1999,0.2,-0.86,5.1,5.96
Bulgaria,2000,8.52,10.37,10.51,11.81
Bulgaria,2001,8.89,9.64,6.26,4.88
Bulgaria,2002,8.17,7.11,4.64,3.41
Bulgaria,2003,-0.15,1.07,3.06,4.69
Bulgaria,2004,7.2,6.74,6.76,4.74
Bulgaria,2005,3.82,4.91,4.77,6.63
Bulgaria,2006,8.02,8.28,6.68,6.11
Bulgaria,2007,5.23,4.68,11.19,12.48
Bulgaria,2008,13.28,14.97,12.17,9.26
Bulgaria,2009,5.99,4.14,1.01,0.07
Bulgaria,2010,0.9,1.69,2.83,4.35
Bulgaria,2011,5.11,4.75,3.93,3.12
Bulgaria,2012,2.02,1.64,3.96,4.2
Bulgaria,2013,3.57,2.19,-0.61,-1.49
Bulgaria,2014,-2.38,-1.83,-0.8,-0.64
Bulgaria,2015,-0.48,0.56,-0.04,-0.46
Canada,1980,9.43,9.59,10.53,11.12
Canada,1981,12.24,12.59,12.71,12.31
Canada,1982,11.53,11.5,10.6,9.67
Canada,1983,7.65,5.9,5.3,4.52
Canada,1984,5.11,4.59,3.92,3.77
Canada,1985,3.69,3.95,3.99,4.17
Canada,1986,4.27,3.9,4.21,4.31
Canada,1987,4.02,4.66,4.54,4.23
Canada,1988,4.09,3.97,3.96,4.06
Canada,1989,4.5,4.96,5.3,5.2
Canada,1990,5.41,4.55,4.2,4.92
Canada,1991,6.43,6.26,5.7,4.11
Canada,1992,1.62,1.37,1.24,1.79
Canada,1993,2.07,1.75,1.74,1.81
Canada,1994,0.56,0.03,0.15,0
Canada,1995,1.53,2.72,2.36,2.06
Canada,1996,1.46,1.45,1.4,1.97
Canada,1997,2.12,1.61,1.72,1.04
Canada,1998,1.04,1,0.85,1.1
Canada,1999,0.77,1.61,2.19,2.37
Canada,2000,2.65,2.45,2.71,3.06
Canada,2001,2.76,3.58,2.71,1.07
Canada,2002,1.55,1.36,2.34,3.79
Canada,2003,4.48,2.77,2.08,1.74
Canada,2004,0.91,2.21,2.01,2.3
Canada,2005,2.12,1.91,2.6,2.21
Canada,2006,2.36,2.56,1.73,1.36
Canada,2007,1.82,2.19,2.13,2.41
Canada,2008,1.78,2.35,3.43,1.91
Canada,2009,1.25,0.06,-0.86,0.79
Canada,2010,1.61,1.4,1.83,2.26
Canada,2011,2.6,3.36,3,2.7
Canada,2012,2.34,1.58,1.22,0.94
Canada,2013,0.91,0.77,1.15,0.93
Canada,2014,1.39,2.22,2.08,1.93
Canada,2015,1.08,0.9,1.19,
Chile,1980,39.01,38.68,32.91,31.29
Chile,1981,28.37,22.8,18.04,11.44
Chile,1982,7.61,4.49,8.27,19.01
Chile,1983,23.34,30.76,30.94,24.31
Chile,1984,21.08,19.48,16.31,22.52
Chile,1985,28.77,32.69,35.48,26.31
Chile,1986,24.39,19.85,17.13,17.24
Chile,1987,17.26,19.18,20.59,22.2
Chile,1988,18.97,15.95,12.9,11.54
Chile,1989,12.94,14.73,18.75,21.31
Chile,1990,23.42,24.62,26.59,29.02
Chile,1991,24.1,23.75,21.9,18.09
Chile,1992,18.67,15.86,14.23,13.37
Chile,1993,12.37,12.98,12.92,12.63
Chile,1994,13.36,12.71,11.29,8.7
Chile,1995,8.46,7.78,8.31,8.38
Chile,1996,7.86,8.41,6.77,6.46
Chile,1997,6.96,5.58,5.72,6.29
Chile,1998,5.6,5.39,5.07,4.42
Chile,1999,3.82,3.92,3.19,2.45
Chile,2000,3.2,3.63,3.96,4.57
Chile,2001,4.01,3.6,3.64,3.04
Chile,2002,2.44,2.2,2.36,2.94
Chile,2003,3.78,3.72,2.73,1.07
Chile,2004,0.01,0.46,1.48,2.27
Chile,2005,2.29,2.77,3.32,3.81
Chile,2006,4.06,3.81,3.49,2.25
Chile,2007,2.69,2.86,4.79,7.24
Chile,2008,8.01,8.89,9.34,8.61
Chile,2009,4.54,1.53,-2.13,-3.3
Chile,2010,-0.26,1.19,2.25,2.47
Chile,2011,2.92,3.3,3.12,4.01
Chile,2012,4.15,3.1,2.64,2.18
Chile,2013,1.39,1.53,2.03,2.2
Chile,2014,3.19,4.46,4.65,5.26
Chile,2015,4.37,4.18,4.75,4.1
Colombia,1980,26.1,27.55,26.32,26.19
Colombia,1981,27.51,26.98,28.92,26.63
Colombia,1982,25.22,24.58,23.84,24.69
Colombia,1983,22.26,21.7,18.51,16.96
Colombia,1984,16.95,14.91,16.13,16.66
Colombia,1985,21.13,26.47,24.9,23.56
Colombia,1986,23.3,17.37,15.69,19.56
Colombia,1987,20.4,22.44,25.64,24.51
Colombia,1988,25.42,29.05,29.63,28.13
Colombia,1989,27.15,24.45,25.34,26.6
Colombia,1990,27.16,28.41,29.33,31.34
Colombia,1991,31.6,31.22,30.93,28.08
Colombia,1992,27.29,27.54,27.66,25.72
Colombia,1993,24.57,22.21,20.99,22.23
Colombia,1994,22.99,23.63,22.46,22.38
Colombia,1995,21.08,21.38,21.13,20.04
Colombia,1996,20.42,19.8,21.09,21.8
Colombia,1997,19.7,18.6,17.95,17.77
Colombia,1998,18.38,20.71,19,16.72
Colombia,1999,15.32,10.03,9.13,9.4
Colombia,2000,8.96,9.88,9.2,8.85
Colombia,2001,8.12,7.92,8.03,7.81
Colombia,2002,6.65,5.91,6.04,6.81
Colombia,2003,7.41,7.6,7.14,6.4
Colombia,2004,6.23,5.64,6.02,5.74
Colombia,2005,5.23,4.96,4.93,5.07
Colombia,2006,4.29,4.03,4.54,4.33
Colombia,2007,5.25,6.17,5.33,5.42
Colombia,2008,6.09,6.44,7.65,7.78
Colombia,2009,6.59,4.76,3.21,2.37
Colombia,2010,2.02,2.1,2.28,2.71
Colombia,2011,3.22,3.06,3.44,3.91
Colombia,2012,3.53,3.35,3.11,2.73
Colombia,2013,1.93,2.07,2.24,1.85
Colombia,2014,2.28,2.76,2.92,3.54
Colombia,2015,4.26,4.52,4.86,6.36
Costa Rica,1980,16.44,18.77,19.34,17.9
Costa Rica,1981,22.07,28.45,38.88,56.72
Costa Rica,1982,76.5,86.26,103.72,90.95
Costa Rica,1983,64.16,48.3,20.54,11.65
Costa Rica,1984,9.5,8.63,12.91,16.61
Costa Rica,1985,18.72,15.6,14.68,11.63
Costa Rica,1986,8.18,10.17,14.12,14.66
Costa Rica,1987,17.86,19.37,14.46,15.95
Costa Rica,1988,18.16,19.29,21.17,24.36
Costa Rica,1989,20.92,16.79,16.57,12.4
Costa Rica,1990,13.13,17.01,20.74,24.8
Costa Rica,1991,28.46,30.36,29.43,26.78
Costa Rica,1992,26.45,24.01,19.93,17.58
Costa Rica,1993,11.42,9.23,9.46,9.12
Costa Rica,1994,10.35,11.65,13.85,18
Costa Rica,1995,23.83,22.63,22.5,23.79
Costa Rica,1996,18.66,19.1,18.24,14.44
Costa Rica,1997,14.67,14.47,12.86,11.12
Costa Rica,1998,10.98,10.66,12.39,12.56
Costa Rica,1999,11.84,10.19,8.42,9.85
Costa Rica,2000,11.01,10.98,11.62,10.38
Costa Rica,2001,9.99,12.45,11.46,11
Costa Rica,2002,9.8,7.81,9.18,9.86
Costa Rica,2003,9.39,10.22,8.83,9.37
Costa Rica,2004,11.3,11.54,13.09,13.24
Costa Rica,2005,13.41,13.96,13.73,14.07
Costa Rica,2006,12.79,11.97,11.62,9.64
Costa Rica,2007,9.01,9.22,8.92,10.25
Costa Rica,2008,11,11.89,15.11,15.49
Costa Rica,2009,12.86,9.8,5.81,3.54
Costa Rica,2010,5.59,6.03,5.29,5.73
Costa Rica,2011,4.66,4.9,5.22,4.75
Costa Rica,2012,4.18,4.79,4.22,4.82
Costa Rica,2013,6.13,5.57,5.5,3.74
Costa Rica,2014,3.04,4.16,5.29,5.56
Costa Rica,2015,3.65,1.26,-0.64,-0.97
Croatia,1993,1165.82,1472.75,1811.11,1413.04
Croatia,1994,634.41,280.25,81.13,2.79
Croatia,1995,3.83,5.19,2.55,4.59
Croatia,1996,4.51,3.54,5.43,3.92
Croatia,1997,3.86,4.34,4,4.31
Croatia,1998,6.01,6.42,6.93,6.22
Croatia,1999,4.03,3.72,4.39,3.94
Croatia,2000,3.87,4.14,4.98,5.43
Croatia,2001,4.58,4.95,3.09,2.51
Croatia,2002,2.83,1.18,1.06,1.69
Croatia,2003,1.67,1.5,2.05,1.79
Croatia,2004,1.85,2.21,1.84,2.28
Croatia,2005,3.06,3.05,3.3,3.87
Croatia,2006,3.52,3.89,3.23,2.23
Croatia,2007,1.59,2.1,2.87,4.88
Croatia,2008,5.92,6.57,7.44,4.48
Croatia,2009,3.79,2.89,1.23,1.71
Croatia,2010,0.91,0.67,1.08,1.48
Croatia,2011,2.21,2.33,2.03,2.42
Croatia,2012,1.51,3.41,4.12,4.64
Croatia,2013,4.62,2.26,1.76,0.28
Croatia,2014,-0.31,-0.34,-0.22,0.03
Croatia,2015,-0.4,-0.03,-0.59,-0.83
Czech Republic,1994,10.07,9.43,10.18,10.53
Czech Republic,1995,9.28,10.07,9.07,8.01
Czech Republic,1996,8.81,8.54,9.29,8.64
Czech Republic,1997,7.14,6.56,9.86,10.12
Czech Republic,1998,13.27,12.81,9.46,7.45
Czech Republic,1999,3.03,2.23,1.28,2.05
Czech Republic,2000,3.62,3.82,4.03,4.14
Czech Republic,2001,4.1,5.06,5.38,4.28
Czech Republic,2002,3.73,2.26,0.7,0.5
Czech Republic,2003,-0.36,0.07,-0.07,0.79
Czech Republic,2004,2.34,2.66,3.22,3.09
Czech Republic,2005,1.63,1.56,1.81,2.38
Czech Republic,2006,2.84,2.89,2.94,1.45
Czech Republic,2007,1.62,2.52,2.65,4.92
Czech Republic,2008,7.38,6.73,6.64,4.69
Czech Republic,2009,2.14,1.48,0.13,0.44
Czech Republic,2010,0.62,1.11,1.88,2.02
Czech Republic,2011,1.75,1.81,1.77,2.41
Czech Republic,2012,3.66,3.4,3.3,2.85
Czech Republic,2013,1.76,1.53,1.22,1.1
Czech Republic,2014,0.21,0.17,0.61,0.47
Czech Republic,2015,0.1,0.68,0.38,0.14
Denmark,1980,13.28,13.84,11.54,10.74
Denmark,1981,10.91,12.36,11.72,12.14
Denmark,1982,11.55,9.42,9.59,9.88
Denmark,1983,8.51,7.47,6.17,5.61
Denmark,1984,6.36,6.67,6.42,5.86
Denmark,1985,5.5,5.41,4.21,3.53
Denmark,1986,2.28,3.99,4.19,4.4
Denmark,1987,4.95,3.26,3.78,3.98
Denmark,1988,4.76,4.55,4.43,4.47
Denmark,1989,4.55,4.79,4.86,4.93
Denmark,1990,3.36,2.46,2.57,2.25
Denmark,1991,2.46,2.6,2.3,2.11
Denmark,1992,2.32,2.5,2.09,1.51
Denmark,1993,1.35,0.94,1.18,1.53
Denmark,1994,1.8,1.99,2.1,2.09
Denmark,1995,2.35,2.29,1.87,1.89
Denmark,1996,1.84,1.98,2.28,2.34
Denmark,1997,2.14,2.09,2.41,2.14
Denmark,1998,2.06,1.97,1.68,1.71
Denmark,1999,2.02,2.25,2.63,3
Denmark,2000,3.13,3.23,2.74,2.61
Denmark,2001,2.36,2.56,2.4,2.08
Denmark,2002,2.5,2.27,2.34,2.59
Denmark,2003,2.79,2.29,1.84,1.45
Denmark,2004,0.94,1.09,1.22,1.4
Denmark,2005,1.24,1.69,2.22,2.09
Denmark,2006,2.05,1.99,1.84,1.68
Denmark,2007,1.89,1.63,1.18,2.16
Denmark,2008,3.03,3.5,4.15,2.92
Denmark,2009,1.83,1.27,0.98,1.24
Denmark,2010,2.05,2.11,2.39,2.64
Denmark,2011,2.69,3.02,2.69,2.62
Denmark,2012,2.75,2.22,2.49,2.19
Denmark,2013,1.12,0.85,0.49,0.67
Denmark,2014,0.64,0.59,0.62,0.41
Denmark,2015,0.26,0.61,0.56,0.41
Dominica,1980,39.19,33.18,,
Dominica,1981,17.85,14.31,12.28,9.24
Dominica,1982,5.53,4.06,3.8,4.23
Dominica,1983,5.6,5.19,2.93,2.96
Dominica,1984,1.9,2.4,2.99,1.59
Dominica,1985,3.24,3.28,3.5,4.92
Dominica,1986,1.76,2.65,3.58,3.09
Dominica,1987,3.65,5.32,3.75,3.4
Dominica,1988,2.51,1.51,2.33,5.32
Dominica,1989,5.93,6.64,6.2,6.1
Dominica,1990,4.51,1.55,2.71,4
Dominica,1991,6.5,7.21,6.3,2.42
Dominica,1992,4.74,6.01,6.16,4.97
Dominica,1993,2.87,1.38,0.8,1.26
Dominica,1994,0.73,-0.55,-0.31,0.19
Dominica,1995,0.89,2.24,1.68,0.48
Dominica,1996,1.18,1.4,1.64,2.49
Dominica,1997,2.38,2.35,2.3,2.71
Dominica,1998,1.34,0.78,1,0.87
Dominica,1999,1.99,1.84,0.7,0.2
Dominica,2000,-0.21,0.88,1.44,1.32
Dominica,2001,1.81,1.36,1.12,0.94
Dominica,2002,0.34,0.12,-0.07,0.29
Dominica,2003,0.47,-0.13,2.84,2.63
Dominica,2004,2.92,3.88,1.23,1.6
Dominica,2005,0.9,1.61,1.97,2.24
Dominica,2006,2.37,3.19,3.03,1.79
Dominica,2007,2.73,2.14,2.84,5.23
Dominica,2008,5.92,7.69,7.51,4.26
Dominica,2009,0.88,-1.27,-0.76,1.31
Dominica,2010,4.43,3.98,3.99,2.61
Dominica,2011,1.45,2.66,1.43,1.9
Dominica,2012,2.3,1.06,0.75,1.34
Dominica,2013,0.36,-0.71,0.4,-0.23
Dominica,2014,0.02,1.54,1,0.65
Dominica,2015,-0.89,-1.36,,
Dominican Republic,1980,22.84,21.83,16.05,8.15
Dominican Republic,1981,9.02,8.18,6.47,6.6
Dominican Republic,1982,7.04,7.92,8.3,7.22
Dominican Republic,1983,6.64,4.73,5.31,5.85
Dominican Republic,1984,10.04,16.58,21.91,31.52
Dominican Republic,1985,49.48,50.57,46.35,36.68
Dominican Republic,1986,15.64,6.47,4.27,4.97
Dominican Republic,1987,5.2,12.47,16.8,19.51
Dominican Republic,1988,31,34.2,50.2,57.44
Dominican Republic,1989,49.16,47.53,34.89,34.6
Dominican Republic,1990,35.27,35.69,50.65,74.46
Dominican Republic,1991,80.36,69.89,44.61,14.05
Dominican Republic,1992,3.59,4.14,4.59,4.69
Dominican Republic,1993,7.04,5.77,4.67,3.62
Dominican Republic,1994,4.01,7.78,8.99,12.18
Dominican Republic,1995,14.65,12.2,12.38,11.08
Dominican Republic,1996,7.05,6.51,4.78,3.4
Dominican Republic,1997,6.77,7.47,9.65,9.25
Dominican Republic,1998,5.44,4.44,3.03,6.41
Dominican Republic,1999,7.24,7.33,5.4,5.96
Dominican Republic,2000,6.01,6.15,9.91,8.78
Dominican Republic,2001,11.32,11.26,8.07,5.18
Dominican Republic,2002,2.88,3.79,4.99,9.17
Dominican Republic,2003,16.74,21.48,32.13,38.51
Dominican Republic,2004,58.32,62.83,51.73,36.51
Dominican Republic,2005,9.61,1.24,0.99,5.4
Dominican Republic,2006,8.19,9.45,8.18,4.64
Dominican Republic,2007,4.9,5.99,5.47,8.18
Dominican Republic,2008,9.13,11.03,14.29,8.15
Dominican Republic,2009,3.38,0.47,-1.09,3.16
Dominican Republic,2010,6.99,6.99,5.46,5.93
Dominican Republic,2011,7.02,8.5,9.87,8.42
Dominican Republic,2012,5.94,3.43,2.14,3.37
Dominican Republic,2013,4.82,4.9,5.37,4.25
Dominican Republic,2014,2.88,3.62,3.12,2.38
Dominican Republic,2015,0.94,0.27,0.44,1.7
Ecuador,1980,11.32,12.83,13.13,14.38
Ecuador,1981,14.97,16.85,16.83,17.26
Ecuador,1982,14.4,12.13,15.63,22.47
Ecuador,1983,30.43,44.62,60.01,56.3
Ecuador,1984,48.8,37.04,22.51,22.38
Ecuador,1985,29.12,29.34,29.18,24.66
Ecuador,1986,21.87,20.62,21.59,27.71
Ecuador,1987,26.86,30.51,30.27,30.14
Ecuador,1988,36.23,47.11,63.47,81.28
Ecuador,1989,93.3,86.65,73.03,59
Ecuador,1990,48.41,47.61,48.68,49.23
Ecuador,1991,49.58,48.41,48.58,48.46
Ecuador,1992,47.95,49.64,55.16,63.27
Ecuador,1993,56.76,53.51,43.52,31.58
Ecuador,1994,30.95,28.02,26.4,24.58
Ecuador,1995,24.28,22.51,22.37,22.62
Ecuador,1996,23.53,23.35,24.75,25.68
Ecuador,1997,30.7,30.4,30.95,30.52
Ecuador,1998,29.13,34.49,35.41,44.14
Ecuador,1999,45.58,54.59,53.98,53.81
Ecuador,2000,83.19,96.54,104.77,97.31
Ecuador,2001,67.65,39.56,28.92,24.1
Ecuador,2002,14.71,13.2,12.35,9.92
Ecuador,2003,9.66,8.15,7.53,6.47
Ecuador,2004,3.58,3.05,2.44,1.93
Ecuador,2005,1.53,1.49,2.58,4.02
Ecuador,2006,3.94,3.39,2.8,2.04
Ecuador,2007,2.06,1.71,2.53,2.79
Ecuador,2008,5.28,9.06,9.96,9.27
Ecuador,2009,7.89,5.48,3.48,3.94
Ecuador,2010,4.03,3.25,3.56,3.39
Ecuador,2011,3.38,4.13,4.89,5.48
Ecuador,2012,5.65,5.09,5.06,4.63
Ecuador,2013,3.59,2.91,2.12,2.35
Ecuador,2014,2.89,3.44,4.15,3.8
Ecuador,2015,3.79,4.58,4.1,3.42
El Salvador,1980,14.06,18.47,19.1,17.65
El Salvador,1981,18.72,15.17,13.35,12.43
El Salvador,1982,10.98,11.45,11.42,12.99
El Salvador,1983,12.66,10.93,14.28,15.22
El Salvador,1984,14.63,14.31,9.39,8.22
El Salvador,1985,13.2,18.7,25.48,31.33
El Salvador,1986,32.34,32.62,32.34,30.63
El Salvador,1987,28.83,27.94,23.02,20.63
El Salvador,1988,19.54,20.1,20.9,18.55
El Salvador,1989,17,14.09,17.68,21.52
El Salvador,1990,26.4,28.19,21.96,20.15
El Salvador,1991,16.76,13.34,15.97,11.79
El Salvador,1992,8.08,7.31,10.2,18.93
El Salvador,1993,21.4,21.78,19.39,12.37
El Salvador,1994,12.4,11.59,9.22,9.32
El Salvador,1995,8.28,8.96,11.25,11.5
El Salvador,1996,11.33,10.56,9.84,7.61
El Salvador,1997,7.57,6.01,2.64,1.95
El Salvador,1998,1.42,3.1,2.19,3.47
El Salvador,1999,2.56,-0.69,0.16,0.07
El Salvador,2000,0.04,2.39,3.2,3.47
El Salvador,2001,5.04,4.3,3.44,2.26
El Salvador,2002,1.31,2.02,1.91,2.23
El Salvador,2003,2.61,1.8,1.61,2.47
El Salvador,2004,2.68,4.42,5.28,5.42
El Salvador,2005,5.27,4.36,4.23,4.91
El Salvador,2006,3.71,4.08,4.83,3.53
El Salvador,2007,5.13,4,3.67,5.51
El Salvador,2008,5.52,5.84,9.4,6.05
El Salvador,2009,3.52,3.35,-1.39,-1.06
El Salvador,2010,0.47,0.06,0.56,2.56
El Salvador,2011,2.47,6.31,6.52,5.21
El Salvador,2012,4.67,1.27,0.31,0.79
El Salvador,2013,1.18,0.35,0.95,0.69
El Salvador,2014,0.49,0.89,1.84,1.21
El Salvador,2015,-0.87,-0.5,-1.9,0.36
Estonia,1993,256.23,136.46,60.01,37.83
Estonia,1994,44.13,50.72,50.57,45.19
Estonia,1995,34.03,27.15,27.03,27.68
Estonia,1996,28.83,26.88,21.64,16.11
Estonia,1997,9.91,9.67,10.92,11.77
Estonia,1998,11.87,8.92,7.36,5
Estonia,1999,4.01,3.26,2.63,3.3
Estonia,2000,3.16,3.07,4.44,5.39
Estonia,2001,5.89,6.72,6.05,4.36
Estonia,2002,4.32,4.19,2.79,3
Estonia,2003,2.44,0.74,1.15,1.03
Estonia,2004,0.43,3.17,4,4.6
Estonia,2005,4.58,3.51,4.29,3.98
Estonia,2006,4.39,4.43,4.41,4.49
Estonia,2007,5.18,5.68,6.42,9.04
Estonia,2008,11.07,11.38,10.86,8.27
Estonia,2009,3.15,-0.3,-1.07,-1.99
Estonia,2010,0.27,3.16,3.25,5.24
Estonia,2011,5.38,5.2,5.25,4.09
Estonia,2012,4.37,3.92,3.73,3.73
Estonia,2013,3.53,3.38,2.79,1.47
Estonia,2014,0.61,-0.02,-0.57,-0.59
Estonia,2015,-0.91,-0.05,-0.46,-0.41
Finland,1980,9.31,11.19,12.21,13.53
Finland,1981,13.1,12.7,11.85,10.52
Finland,1982,10.64,10.03,9.5,8.18
Finland,1983,7.88,7.83,8.54,9.19
Finland,1984,8.18,7.26,6.59,6.31
Finland,1985,6.48,6.4,5.69,4.93
Finland,1986,4.34,3.34,3.32,3.38
Finland,1987,3.68,3.69,3.57,3.7
Finland,1988,3.79,4.64,5.18,5.65
Finland,1989,6.12,6.71,6.67,7.01
Finland,1990,7.22,5.99,5.92,5.33
Finland,1991,4.9,4.47,3.67,3.46
Finland,1992,2.77,2.64,2.48,2.52
Finland,1993,2.59,2.38,1.98,1.46
Finland,1994,0.29,0.53,1.78,1.75
Finland,1995,1.88,1.38,0.54,0.16
Finland,1996,0.47,0.63,0.53,0.83
Finland,1997,0.53,0.97,1.45,1.82
Finland,1998,1.86,1.59,1.21,0.94
Finland,1999,0.67,1.16,1.13,1.67
Finland,2000,3.04,3.1,3.58,3.74
Finland,2001,2.84,3.1,2.52,1.81
Finland,2002,1.95,1.4,1.34,1.56
Finland,2003,1.61,0.87,0.58,0.47
Finland,2004,-0.07,-0.18,0.4,0.6
Finland,2005,0.74,1.06,0.89,0.75
Finland,2006,0.87,1.57,1.77,2.06
Finland,2007,2.35,2.46,2.49,2.74
Finland,2008,3.82,4.07,4.57,3.8
Finland,2009,1.63,0.22,-0.76,-1.04
Finland,2010,0.19,0.96,1.1,2.61
Finland,2011,3.22,3.35,3.83,3.27
Finland,2012,3.08,3,2.78,2.38
Finland,2013,1.68,1.5,1.34,1.39
Finland,2014,1.32,0.92,1.1,0.82
Finland,2015,-0.12,-0.12,-0.34,-0.25
France,1980,13.31,13.71,13.58,13.55
France,1981,12.67,12.79,13.65,14.14
France,1982,13.98,13.74,11,9.48
France,1983,9.27,8.96,9.75,9.83
France,1984,8.83,7.79,7.32,6.83
France,1985,6.44,6.46,5.67,4.8
France,1986,3.53,2.41,2.1,2.14
France,1987,3.24,3.39,3.37,3.16
France,1988,2.42,2.54,2.84,3
France,1989,3.38,3.62,3.4,3.59
France,1990,3.57,3.19,3.28,3.48
France,1991,3.38,3.31,3.19,2.99
France,1992,2.78,2.75,2.12,1.82
France,1993,2.13,1.99,2.18,2.13
France,1994,1.71,1.7,1.64,1.6
France,1995,1.74,1.64,1.79,1.93
France,1996,2.1,2.39,1.85,1.69
France,1997,1.47,0.91,1.26,1.17
France,1998,0.7,0.94,0.59,0.23
France,1999,0.23,0.37,0.53,1
France,2000,1.53,1.49,1.89,1.88
France,2001,1.28,2.02,1.79,1.43
France,2002,2.14,1.63,1.76,2.14
France,2003,2.38,1.92,1.95,2.19
France,2004,1.8,2.38,2.28,2.08
France,2005,1.71,1.69,1.9,1.65
France,2006,1.79,1.92,1.69,1.34
France,2007,1.16,1.18,1.27,2.34
France,2008,2.95,3.3,3.25,1.76
France,2009,0.63,-0.21,-0.42,0.36
France,2010,1.32,1.61,1.54,1.65
France,2011,1.81,2.07,2.15,2.44
France,2012,2.31,2,1.98,1.54
France,2013,1.06,0.8,0.94,0.65
France,2014,0.72,0.64,0.39,0.28
France,2015,-0.24,0.21,0.09,0.09
Ghana,1980,15.99,27.08,75.97,87.51
Ghana,1981,114.76,119.13,121.86,111.11
Ghana,1982,46.05,21.63,15.74,13.34
Ghana,1983,58.54,143.98,139.72,143.04
Ghana,1984,113.48,44.4,24.72,9.08
Ghana,1985,4.99,3.18,14.77,19.41
Ghana,1986,19.55,22.7,23.88,31.7
Ghana,1987,35.14,42.43,45.49,36.18
Ghana,1988,33.73,33.14,30.65,28.38
Ghana,1989,25.52,23.45,23.87,28.06
Ghana,1990,35.06,36.01,40.23,37.45
Ghana,1991,27.2,19.74,14.37,12.34
Ghana,1992,7.9,8.48,11.13,12.6
Ghana,1993,22.58,24.35,25.76,26.92
Ghana,1994,22.09,20.98,24.04,31.8
Ghana,1995,39.25,56.05,69,70.08
Ghana,1996,67.26,54.07,39.4,33.35
Ghana,1997,30.4,29.24,28.37,18.44
Ghana,1998,15.57,18.18,13.95,16.35
Ghana,1999,14.69,9.96,12.16,13.07
Ghana,2000,14.94,18.71,26.96,39.34
Ghana,2001,41.01,38.06,31.67,23.49
Ghana,2002,18.03,14.3,13.16,14.12
Ghana,2003,25.23,29.77,27.8,23.96
Ghana,2004,14.4,11.45,12.61,12.17
Ghana,2005,14.15,16.21,14.87,15.2
Ghana,2006,12.54,9.03,10.77,11.42
Ghana,2007,10.5,10.74,10.25,11.43
Ghana,2008,13.27,16.87,18.1,17.63
Ghana,2009,20.24,20.45,19.51,16.96
Ghana,2010,14.1,10.6,9.42,9.01
Ghana,2011,9.13,8.84,8.41,8.56
Ghana,2012,8.71,9.3,9.48,9.13
Ghana,2013,11.42,9.76,10.35,14.93
Ghana,2014,14.13,14.83,15.9,17
Ghana,2015,16.52,16.92,17.52,17.56
Grenada,1980,19.11,18.95,24.09,24.67
Grenada,1981,25.55,22.19,16.6,12.24
Grenada,1982,9.22,7.77,7.31,7.04
Grenada,1983,6.38,6.01,6.04,5.96
Grenada,1984,5.65,5.78,6.25,4.98
Grenada,1985,4.02,2.98,1.52,1.56
Grenada,1986,1.91,2.33,-0.89,-1.07
Grenada,1987,-1.33,-2.11,-0.2,0.18
Grenada,1988,0.99,3.01,5.8,6.19
Grenada,1989,6.58,5.87,5.55,4.45
Grenada,1990,3.41,2.39,1.43,3.69
Grenada,1991,3.72,3.53,2.77,0.64
Grenada,1992,2.89,4.04,3.75,4.42
Grenada,1993,2.73,2.58,2.73,3.19
Grenada,1994,2.95,2.3,2.71,2.45
Grenada,1995,3.09,3.83,2.91,2.29
Grenada,1996,1.38,1.04,2.74,2.95
Grenada,1997,2.35,1.43,0.29,0.94
Grenada,1998,1.21,1.69,1.43,1.19
Grenada,1999,0.68,0.44,0.46,0.73
Grenada,2000,1.49,1.41,2.3,3.51
Grenada,2001,2.87,3.77,3.41,2.53
Grenada,2002,0.03,-0.7,-0.28,-0.74
Grenada,2003,2.79,2.82,1.79,1.54
Grenada,2004,1.52,2.33,2.43,2.62
Grenada,2005,2.54,2.26,3.43,5.84
Grenada,2006,5.59,5.04,4.5,2
Grenada,2007,2.08,2.82,4.2,6.3
Grenada,2008,7.77,8.88,8.69,6.83
Grenada,2009,3.58,0.36,-2.06,-2.93
Grenada,2010,0.5,4.09,4.52,4.68
Grenada,2011,3.22,2.52,3.2,3.19
Grenada,2012,3.6,2.8,1.45,1.83
Grenada,2013,1.04,0.14,0.09,-1.44
Grenada,2014,-1.44,-1.46,-0.6,-0.28
Grenada,2015,-1.28,-0.72,,
Guatemala,1980,11.11,11.78,11.27,9.23
Guatemala,1981,12.34,12.72,11.41,9.38
Guatemala,1982,3.07,1.13,-1.28,-1.57
Guatemala,1983,-0.73,2.07,9.58,7.29
Guatemala,1984,6.87,4.58,-2.22,4.81
Guatemala,1985,6.74,11.34,26.26,29.85
Guatemala,1986,38.43,45.16,37.09,28.84
Guatemala,1987,22.76,12.65,7.5,8.05
Guatemala,1988,9.27,8.69,13.01,12.26
Guatemala,1989,10.54,11.79,8.72,14.42
Guatemala,1990,22.89,36.32,47.5,56.22
Guatemala,1991,56.48,40.5,28.84,14.74
Guatemala,1992,7.02,8.97,10.82,13.23
Guatemala,1993,13.39,13.52,11,9.59
Guatemala,1994,11.04,9.75,10.5,12.11
Guatemala,1995,8.36,8.23,8.42,8.63
Guatemala,1996,10.69,11.09,11.8,10.65
Guatemala,1997,11.66,9.57,8.12,7.75
Guatemala,1998,6.27,7.23,6.35,6.6
Guatemala,1999,5.15,3.81,6.01,5.86
Guatemala,2000,6.72,7.88,5.04,4.37
Guatemala,2001,5.82,5.74,8.25,9.29
Guatemala,2002,9,9.23,7.97,6.42
Guatemala,2003,5.99,5.49,5.1,5.84
Guatemala,2004,6.35,7.11,7.78,9.03
Guatemala,2005,8.95,8.73,9.37,9.36
Guatemala,2006,7.54,7.55,6.57,4.68
Guatemala,2007,6.62,5.72,6.38,8.53
Guatemala,2008,8.75,12.06,13.53,11.04
Guatemala,2009,6.45,2.16,-0.33,-0.51
Guatemala,2010,2.61,3.78,3.99,5.05
Guatemala,2011,5.04,6.19,7.3,6.3
Guatemala,2012,5.05,3.88,2.95,3.3
Guatemala,2013,4.13,4.4,4.45,4.39
Guatemala,2014,3.63,3.21,3.52,3.32
Guatemala,2015,2.4,2.5,2.05,2.6
Hungary,1980,12.27,13.59,7.32,4.48
Hungary,1981,4.1,3.4,4.74,5.81
Hungary,1982,5.51,6.24,7.61,8.64
Hungary,1983,8.4,6.66,5.23,5.44
Hungary,1984,8.77,9.24,9.04,7.57
Hungary,1985,6.83,7.2,6.12,7.89
Hungary,1986,5.93,4.77,4.92,5.56
Hungary,1987,5.69,8.15,10.17,10.65
Hungary,1988,17.79,15.31,15.04,15.11
Hungary,1989,14.28,17.39,17.85,18.19
Hungary,1990,24.34,28.04,29.91,33.2
Hungary,1991,33.87,34.79,35.78,32.57
Hungary,1992,25.54,22.71,19.99,23.8
Hungary,1993,24.63,21.73,22.36,21.29
Hungary,1994,16.84,18.3,19.5,20.61
Hungary,1995,24.48,30.39,29.44,28.68
Hungary,1996,27.53,23.81,22.72,20.27
Hungary,1997,18.82,18.36,17.98,18.14
Hungary,1998,17.09,15.33,13.38,11.22
Hungary,1999,9.48,9.15,10.63,10.83
Hungary,2000,9.81,9.13,9.83,10.34
Hungary,2001,10.34,10.54,8.7,7.17
Hungary,2002,6.2,5.49,4.57,4.82
Hungary,2003,4.63,3.93,4.67,5.37
Hungary,2004,6.84,7.37,7.02,5.9
Hungary,2005,3.56,3.72,3.66,3.27
Hungary,2006,2.48,2.57,4.07,6.37
Hungary,2007,8.51,8.58,7.63,7.07
Hungary,2008,6.91,6.78,6.34,4.29
Hungary,2009,3.03,3.63,4.99,5.16
Hungary,2010,6.05,5.33,3.83,4.37
Hungary,2011,4.25,4.06,3.42,4.1
Hungary,2012,5.64,5.51,6.2,5.47
Hungary,2013,2.89,1.82,1.49,0.73
Hungary,2014,0,-0.16,-0.06,-0.73
Hungary,2015,-1,0.25,0.02,0.56
Iceland,1980,61.4,62.62,57.67,50.93
Iceland,1981,58.01,50.73,49.19,47.9
Iceland,1984,61.21,35.82,20.68,16.71
Iceland,1985,26.02,29.74,33.87,37.48
Iceland,1986,31.24,24.98,19.38,14.81
Iceland,1987,13.22,16.28,19.64,22.95
Iceland,1988,25.37,25.71,28.77,23.27
Iceland,1989,19.47,22.01,18.42,23.04
Iceland,1990,23.04,17.6,13.87,8.82
Iceland,1991,6.21,5.96,7.11,7.91
Iceland,1992,6.98,5.12,2.72,1.23
Iceland,1993,2.83,3.36,4.67,5.46
Iceland,1994,2.77,2.31,1.03,0.16
Iceland,1995,1.55,1.24,1.66,2.17
Iceland,1996,1.78,2.56,2.48,2.37
Iceland,1997,1.85,1.8,1.63,1.72
Iceland,1998,2.2,2.21,1.29,1.17
Iceland,1999,1.39,2.14,4.1,5.26
Iceland,2000,5.73,5.74,4.75,4.3
Iceland,2001,3.83,5.61,7.78,8.28
Iceland,2002,9.05,6.05,3.46,2.42
Iceland,2003,1.72,2.09,1.96,2.48
Iceland,2004,2.14,3.13,3.54,3.78
Iceland,2005,4.38,3.34,3.95,4.33
Iceland,2006,4.32,7.03,8.18,7.13
Iceland,2007,6.71,4.65,3.8,5.18
Iceland,2008,7.13,12.25,14.06,17.04
Iceland,2009,17.09,11.92,10.98,8.62
Iceland,2010,7.41,7.17,4.34,2.83
Iceland,2011,2.01,3.43,5.27,5.22
Iceland,2012,6.43,5.77,4.32,4.33
Iceland,2013,4.33,3.35,4.05,3.82
Iceland,2014,2.49,2.31,2.11,1.24
Iceland,2015,1.06,1.56,1.96,1.94
India,1980,12.08,11.95,10.87,10.66
India,1981,12.22,13.65,13.75,12.82
India,1982,10.01,7.08,7.22,7.38
India,1983,8.95,12.29,12.99,13.07
India,1984,12.36,8.51,7.06,5.78
India,1985,4.58,6.19,5.23,6.2
India,1986,8.02,8.44,8.86,9.55
India,1987,8.42,8.04,9.38,9.3
India,1988,9.47,9.82,8.89,9.39
India,1989,4.55,3.85,3.34,1.46
India,1990,6.05,8.1,9.2,12.33
India,1991,15.02,12.43,14.39,13.68
India,1992,13.39,13.98,11.5,8.62
India,1993,5.83,5.71,5.64,8.21
India,1994,9.5,10.39,11.07,9.86
India,1995,9.81,10.15,10.79,10.13
India,1996,8.82,9.32,8.57,9.2
India,1997,10.63,7.72,5.07,5.55
India,1998,9.04,10.37,15.4,17.86
India,1999,8.99,7.09,2.81,0.46
India,2000,3.68,5.26,4.14,2.99
India,2001,2.93,2.73,4.65,4.39
India,2002,5.1,4.5,4.02,3.99
India,2003,3.78,4.73,3.38,3.36
India,2004,3.99,2.7,4.2,4.17
India,2005,4.23,4,3.71,5.03
India,2006,4.85,6.3,6.57,6.81
India,2007,7,6.32,6.71,5.51
India,2008,6.28,7.75,9.05,10.2
India,2009,9.36,8.87,11.75,13.31
India,2010,15.32,13.66,10.3,9.17
India,2011,8.98,8.91,9.16,8.39
India,2012,7.17,10.14,9.76,10.1
India,2013,11.71,10.66,10.76,10.55
India,2014,6.89,6.86,6.76,4.98
India,2015,6.58,5.87,4.62,
Indonesia,1980,21.07,18.76,15.75,16.96
Indonesia,1981,16.89,13.68,10.98,8.04
Indonesia,1982,10.6,9.07,8.6,9.68
Indonesia,1983,9.34,12.31,13.43,12.03
Indonesia,1984,12.14,11.43,9.53,8.85
Indonesia,1985,4.45,4.93,4.78,4.75
Indonesia,1986,5.82,3.71,4.68,9.09
Indonesia,1987,8.76,9.58,9.98,8.79
Indonesia,1988,8.68,8.64,8.78,6.16
Indonesia,1989,6.35,7.21,5.86,6.27
Indonesia,1990,6.12,5.82,9.3,9.92
Indonesia,1991,9.42,9.51,9.12,9.61
Indonesia,1992,9.82,9.21,6.33,4.99
Indonesia,1993,9.21,9.48,9.83,10.22
Indonesia,1994,7.91,7.59,8.9,9.63
Indonesia,1995,9.17,10.48,9.31,8.8
Indonesia,1996,10.61,7.99,7.05,6.36
Indonesia,1997,4.46,4.88,6.36,9.17
Indonesia,1998,27.52,49.61,76.33,78.39
Indonesia,1999,55.95,30.91,6.59,1.65
Indonesia,2000,-0.57,1.1,5.73,8.82
Indonesia,2001,9.35,11.15,12.76,12.64
Indonesia,2002,14.54,12.56,10.37,10.27
Indonesia,2003,7.74,7,6.11,5.55
Indonesia,2004,4.88,6.73,6.96,6.38
Indonesia,2005,7.73,7.65,8.41,17.79
Indonesia,2006,16.92,15.51,14.87,6.05
Indonesia,2007,6.58,6.29,6.44,6.32
Indonesia,2008,6.52,9.02,11.96,11.5
Indonesia,2009,8.56,5.64,2.77,2.59
Indonesia,2010,3.65,4.37,6.15,6.32
Indonesia,2011,6.84,5.89,4.67,4.12
Indonesia,2012,3.97,4.67,4.34,4.15
Indonesia,2013,4.49,5.06,8.02,8.03
Indonesia,2014,7.76,7.09,4.35,6.48
Indonesia,2015,6.54,7.07,7.09,4.81
Ireland,1980,15.52,20.24,18.86,18.17
Ireland,1981,20.98,17.03,19.97,23.27
Ireland,1982,18.77,20.95,17,12.36
Ireland,1983,12.51,9.23,10.06,10.3
Ireland,1984,10.15,9.69,7.94,6.71
Ireland,1985,6.2,5.19,5.47,4.93
Ireland,1986,4.59,4.44,3.08,3.16
Ireland,1987,3.43,2.84,3.23,3.06
Ireland,1988,1.93,1.84,2.13,2.67
Ireland,1989,3.32,3.83,4.45,4.67
Ireland,1990,4.24,3.48,2.92,2.7
Ireland,1991,2.58,3.06,3.53,3.6
Ireland,1992,3.67,3.64,2.84,2.35
Ireland,1993,1.86,0.93,1.38,1.47
Ireland,1994,1.74,2.75,2.54,2.35
Ireland,1995,2.52,2.77,2.39,2.39
Ireland,1996,2.02,1.39,1.47,1.9
Ireland,1997,1.38,1.57,1.25,1.55
Ireland,1998,1.88,2.68,2.94,2.21
Ireland,1999,1.47,1.36,1.38,2.34
Ireland,2000,4.29,5.19,6.18,6.56
Ireland,2001,5.31,5.44,4.66,4.12
Ireland,2002,4.79,4.62,4.38,4.81
Ireland,2003,4.94,3.83,3.07,2.14
Ireland,2004,1.61,1.78,2.63,2.75
Ireland,2005,2.21,2.24,2.57,2.71
Ireland,2006,3.25,3.84,4.23,4.41
Ireland,2007,4.98,5.01,4.73,4.8
Ireland,2008,4.7,4.65,4.35,2.55
Ireland,2009,-1.49,-4.5,-6.11,-5.76
Ireland,2010,-3.38,-1.38,0.17,0.88
Ireland,2011,2.29,2.82,2.47,2.73
Ireland,2012,2.17,1.81,1.74,1.06
Ireland,2013,0.93,0.53,0.36,0.2
Ireland,2014,0.1,0.36,0.33,0
Ireland,2015,-0.56,-0.36,-0.16,-0.1
Israel,1980,119.38,131.15,132.64,136.16
Israel,1981,133.55,124,115.37,104.61
Israel,1982,103.83,110.45,128.55,130.49
Israel,1983,132.86,136.46,126.16,173.97
Israel,1984,225.13,295.99,401.89,464.53
Israel,1985,406.25,386.03,373.78,205.72
Israel,1986,139.18,73.65,21.15,18.56
Israel,1987,23.22,20.43,19.52,16.77
Israel,1988,15.52,16.45,15.9,16.98
Israel,1989,20.13,19.48,21,20.36
Israel,1990,15.95,16.43,18.01,18.15
Israel,1991,17.95,18.29,21.16,18.52
Israel,1992,16.92,14.36,8.63,8.67
Israel,1993,10.85,10.89,10.6,11.42
Israel,1994,10.04,11.31,13.66,14.19
Israel,1995,13.14,10.47,8.8,8.07
Israel,1996,9.78,12.32,12.08,10.9
Israel,1997,10.3,8.63,9.06,8.09
Israel,1998,5.6,4.7,3.62,7.79
Israel,1999,7.27,5.91,5.96,1.88
Israel,2000,1.5,1.98,1.04,0
Israel,2001,0.29,0.87,1.68,1.61
Israel,2002,3.82,5.71,6.47,6.71
Israel,2003,5.18,1.43,-1.56,-2.14
Israel,2004,-2.49,-0.69,0.6,0.97
Israel,2005,0.77,0.27,1.69,2.59
Israel,2006,3.13,3.57,1.99,-0.19
Israel,2007,-0.56,-1.07,0.91,2.79
Israel,2008,3.64,4.99,5.12,4.61
Israel,2009,3.4,3.17,3.17,3.57
Israel,2010,3.5,2.82,2.01,2.47
Israel,2011,4.01,4.1,3.26,2.5
Israel,2012,1.83,1.58,1.8,1.63
Israel,2013,1.39,1.23,1.62,1.85
Israel,2014,1.29,0.82,0,-0.19
Israel,2015,-0.84,-0.43,-0.4,-0.87
Italy,1980,20.61,20.82,21.75,21.46
Italy,1981,20.07,20.71,19.2,18.3
Italy,1982,17.02,15.43,16.74,16.68
Italy,1983,16.09,15.99,13.98,12.8
Italy,1984,12.08,11.42,10.47,9.36
Italy,1985,9.35,9.42,9.15,8.93
Italy,1986,7.51,6.05,5.41,4.4
Italy,1987,4.25,4.41,4.93,5.36
Italy,1988,5.21,5.07,4.93,5.13
Italy,1989,5.83,6.45,6.39,6.32
Italy,1990,6.45,6.06,6.54,6.71
Italy,1991,6.37,6.56,6.37,5.86
Italy,1992,5.63,5.36,4.96,4.74
Italy,1993,4.39,4.43,4.58,4.41
Italy,1994,4.53,3.96,3.81,3.91
Italy,1995,4.14,5.37,5.68,5.62
Italy,1996,5.14,4.36,3.52,2.93
Italy,1997,2.49,1.89,1.82,1.97
Italy,1998,2.02,2.04,2.04,1.75
Italy,1999,1.38,1.46,1.74,2.04
Italy,2000,2.31,2.46,2.62,2.69
Italy,2001,2.96,3.02,2.76,2.41
Italy,2002,2.35,2.29,2.44,2.75
Italy,2003,2.73,2.71,2.74,2.53
Italy,2004,2.27,2.33,2.25,2.01
Italy,2005,1.96,1.87,2.01,2.15
Italy,2006,2.14,2.2,2.15,1.78
Italy,2007,1.7,1.58,1.64,2.36
Italy,2008,3.1,3.61,3.97,2.83
Italy,2009,1.45,0.82,0.14,0.61
Italy,2010,1.33,1.42,1.59,1.82
Italy,2011,2.28,2.64,2.79,3.25
Italy,2012,3.25,3.28,3.17,2.47
Italy,2013,1.91,1.16,1.13,0.69
Italy,2014,0.5,0.44,-0.06,0.09
Italy,2015,-0.25,0.06,0.19,0.16
Jamaica,1980,23.76,26.3,29.55,29.17
Jamaica,1981,21.73,15.43,9.87,5.62
Jamaica,1982,5.71,6.8,6.5,7.15
Jamaica,1983,7.89,9.26,13.39,15.53
Jamaica,1984,20.57,26.68,31.75,31.44
Jamaica,1985,28.71,27.77,23.81,23.18
Jamaica,1986,22.6,15.98,11.82,11.18
Jamaica,1987,7.21,6.8,5.94,6.68
Jamaica,1988,8.18,7.42,7.79,9.62
Jamaica,1989,11.46,14.6,15.83,15.3
Jamaica,1990,18.2,19.29,20.94,28.78
Jamaica,1991,29.3,39.63,57.17,73.24
Jamaica,1992,97.58,99.55,77.33,49.47
Jamaica,1993,26.57,15.01,19.51,27.44
Jamaica,1994,35.04,39.32,37.25,29.55
Jamaica,1995,23.09,18.98,16.01,21.84
Jamaica,1996,29.34,30.68,27.24,19.43
Jamaica,1997,11.29,8.44,9.21,9.76
Jamaica,1998,8.82,9.09,9.47,7.21
Jamaica,1999,6.58,5.25,5.13,6.87
Jamaica,2000,7.71,9.21,8.57,7.23
Jamaica,2001,6.37,6.43,7.07,8.04
Jamaica,2002,8.34,7.02,6.34,6.69
Jamaica,2003,6.07,9.04,11.92,14
Jamaica,2004,16.43,13.86,11.17,13.31
Jamaica,2005,12.78,16.36,17.98,14.07
Jamaica,2006,12.24,9.27,7.72,5.55
Jamaica,2007,7.19,7.75,8.12,13.94
Jamaica,2008,19.36,22.57,26.04,20.11
Jamaica,2009,13.06,9.9,6.75,8.98
Jamaica,2010,13.08,13.85,12.13,11.46
Jamaica,2011,8.32,7.07,7.82,6.95
Jamaica,2012,7.26,6.92,5.88,7.53
Jamaica,2013,8.53,9.02,9.88,9.9
Jamaica,2014,8.76,7.89,9.25,7.29
Jamaica,2015,4.59,4.25,3.02,2.92
Japan,1980,7.27,8.08,8.14,7.73
Japan,1981,6.56,4.97,4.19,4.01
Japan,1982,3.1,2.55,2.75,2.48
Japan,1983,2.15,2.21,1.48,1.66
Japan,1984,2.42,2.08,2.28,2.38
Japan,1985,2.1,2.12,2.35,1.6
Japan,1986,1.52,0.9,0.23,-0.22
Japan,1987,-0.82,0.15,0.49,0.75
Japan,1988,0.76,0.26,0.56,1.08
Japan,1989,1.05,2.68,2.75,2.62
Japan,1990,3.56,2.5,2.57,3.52
Japan,1991,3.72,3.46,3.17,2.85
Japan,1992,1.9,2.22,1.81,0.91
Japan,1993,1.29,0.9,1.74,1.14
Japan,1994,1.27,0.7,0,0.79
Japan,1995,0.13,-0.03,0,-0.59
Japan,1996,-0.33,0.13,0.2,0.53
Japan,1997,0.56,2.07,2.21,2.2
Japan,1998,2.04,0.32,-0.19,0.51
Japan,1999,-0.1,-0.26,0,-0.96
Japan,2000,-0.58,-0.68,-0.61,-0.74
Japan,2001,-0.49,-0.81,-0.84,-1.07
Japan,2002,-1.81,-0.88,-0.79,-0.53
Japan,2003,0.18,-0.23,-0.23,-0.3
Japan,2004,-0.13,-0.3,-0.1,0.5
Japan,2005,0.03,-0.1,-0.3,-0.73
Japan,2006,-0.13,0.17,0.6,0.33
Japan,2007,-0.1,-0.07,-0.13,0.53
Japan,2008,0.97,1.36,2.15,1.02
Japan,2009,-0.13,-0.98,-2.23,-2.02
Japan,2010,-0.86,-0.73,-0.99,-0.3
Japan,2011,-0.53,-0.43,0.13,-0.3
Japan,2012,0.3,0.2,-0.4,-0.23
Japan,2013,-0.6,-0.27,0.87,1.44
Japan,2014,1.51,3.58,3.36,2.55
Japan,2015,2.28,0.48,0.16,
Latvia,1992,190.16,286.82,291.16,331.09
Latvia,1993,220.87,96.07,82.91,34
Latvia,1994,34.55,37.71,40.93,31.08
Latvia,1995,26.04,26.44,23.95,23.72
Latvia,1996,21.57,17.87,17.07,14.4
Latvia,1997,9.95,8.44,8.15,7.31
Latvia,1998,6.17,5.82,3.92,2.81
Latvia,1999,2.54,1.7,2.05,3.15
Latvia,2000,3.27,3.09,2.51,1.73
Latvia,2001,1.1,2.39,3.23,3.21
Latvia,2002,3.29,1.9,0.99,1.53
Latvia,2003,1.91,2.91,3.49,3.52
Latvia,2004,4.35,5.81,7.31,7.26
Latvia,2005,6.62,6.49,6.53,7.32
Latvia,2006,7.03,6.33,6.53,6.27
Latvia,2007,7.63,8.63,10.35,13.67
Latvia,2008,16.43,17.71,15.72,12.03
Latvia,2009,9.18,4.73,1.61,-1.06
Latvia,2010,-3.75,-2.14,-0.12,1.77
Latvia,2011,3.97,4.78,4.53,4.25
Latvia,2012,3.44,2.27,1.74,1.58
Latvia,2013,0.38,-0.11,-0.11,-0.27
Latvia,2014,0.41,0.67,0.88,0.54
Latvia,2015,-0.07,0.8,-0.2,
Lesotho,1980,23.53,17.32,12.37,13.03
Lesotho,1981,13.18,11.91,12.5,12.09
Lesotho,1982,10.8,12.32,12.47,12.89
Lesotho,1983,19.23,18.95,17.35,14.69
Lesotho,1984,9.89,10.48,11.5,11.99
Lesotho,1985,12.33,11.58,14.55,14.7
Lesotho,1986,19.69,19.39,16.08,17.09
Lesotho,1987,10.04,12.96,12.6,11.35
Lesotho,1988,11.64,8.83,11.32,13.96
Lesotho,1989,14.93,15.87,14.36,13.84
Lesotho,1990,14.43,12.1,10.82,9.45
Lesotho,1991,15.77,17.66,18.4,18.8
Lesotho,1992,14.01,16.53,17.97,20.07
Lesotho,1993,18.77,14.38,11.11,8.99
Lesotho,1994,6.67,7.91,8.37,9.84
Lesotho,1995,8.57,9.12,10.89,8.51
Lesotho,1996,9.68,9.95,8.51,9.23
Lesotho,1997,8.91,,,
Lesotho,1999,,8.95,9.26,6.76
Lesotho,2000,6.26,6.33,5.54,6.41
Lesotho,2001,-9.08,-9.41,-9.62,-10.33
Lesotho,2002,31.92,34.1,34.04,35.14
Lesotho,2003,7.56,6.01,6.89,6.1
Lesotho,2004,5.5,5.26,4.66,4.7
Lesotho,2005,3.97,3.25,3.12,3.43
Lesotho,2006,4.77,6.08,6.69,6.73
Lesotho,2007,5.86,7.9,8.62,9.58
Lesotho,2008,10.56,9.53,11.26,11.46
Lesotho,2009,10.46,8.98,6,4.39
Lesotho,2010,4.23,3.76,3.33,3.09
Lesotho,2011,3.35,4.43,5.37,6.9
Lesotho,2012,7.32,6.45,5.54,5.18
Lesotho,2013,4.96,4.6,4.91,5.24
Lesotho,2014,5.48,6.29,5.79,3.85
Lesotho,2015,2.18,2.27,3.45,
Lithuania,1993,651.68,722.85,452.22,240.91
Lithuania,1994,148.35,69.05,61.01,48.69
Lithuania,1995,46.47,40.51,36.72,36.37
Lithuania,1996,31.43,29.41,23.82,15.51
Lithuania,1997,10.53,7.59,8.69,8.77
Lithuania,1998,6.51,6.55,4.4,2.93
Lithuania,1999,1.88,0.46,0.45,0.23
Lithuania,2000,0.81,0.9,0.91,1.41
Lithuania,2001,0.04,1.34,1.93,2.11
Lithuania,2002,2.64,0.49,-0.84,-1.05
Lithuania,2003,-1.74,-0.7,-0.93,-1.2
Lithuania,2004,-1.11,0.44,2.42,3.01
Lithuania,2005,3.09,2.38,2.19,2.92
Lithuania,2006,3.35,3.57,3.9,4.15
Lithuania,2007,4.29,4.86,5.86,7.85
Lithuania,2008,10.65,12.04,11.73,9.35
Lithuania,2009,8.67,5.2,2.76,1.34
Lithuania,2010,-0.3,0.74,1.87,3.06
Lithuania,2011,3.26,4.7,4.53,4.03
Lithuania,2012,3.57,2.74,3.16,2.89
Lithuania,2013,2.12,1.27,0.43,0.39
Lithuania,2014,0.17,0.09,0.13,0.04
Lithuania,2015,-1.56,-0.67,-0.92,-0.37
Luxembourgh,1980,5.98,6.57,6.21,6.43
Luxembourgh,1981,7.21,7.8,8.8,8.45
Luxembourgh,1982,8.73,8.57,9.55,10.53
Luxembourgh,1983,9.74,8.56,8.34,8.11
Luxembourgh,1984,6.97,7.11,4.9,3.69
Luxembourgh,1985,3.79,4.32,4.22,4.04
Luxembourgh,1986,2.57,0.34,-0.47,-1.2
Luxembourgh,1987,-0.55,-0.29,0.06,0.25
Luxembourgh,1988,0.65,1.25,1.98,2.18
Luxembourgh,1989,2.67,3.42,3.5,3.89
Luxembourgh,1990,4.05,3.35,3.19,4.22
Luxembourgh,1991,3.28,3.13,3.55,2.52
Luxembourgh,1992,2.9,3.58,3.14,3
Luxembourgh,1993,3.68,3.49,3.6,3.54
Luxembourgh,1994,2.51,2.17,2.12,2.02
Luxembourgh,1995,2.31,2.24,1.75,1.38
Luxembourgh,1996,1.25,1.41,1.37,1.54
Luxembourgh,1997,1.38,1.08,1.44,1.57
Luxembourgh,1998,1.27,1.18,0.95,0.44
Luxembourgh,1999,-0.09,1.24,0.88,1.98
Luxembourgh,2000,2.87,2.81,3.34,3.56
Luxembourgh,2001,2.89,3.01,2.74,2.04
Luxembourgh,2002,2.22,1.92,1.96,2.21
Luxembourgh,2003,2.47,1.97,1.9,1.86
Luxembourgh,2004,1.98,2.34,2.23,2.35
Luxembourgh,2005,2.2,2.35,2.73,2.67
Luxembourgh,2006,2.94,3.09,2.7,1.98
Luxembourgh,2007,2.14,2,1.94,3.14
Luxembourgh,2008,3.3,3.92,4.29,2.11
Luxembourgh,2009,0.67,-0.1,-0.14,1.07
Luxembourgh,2010,1.97,2.21,2.36,2.55
Luxembourgh,2011,3.49,3.61,3.17,3.37
Luxembourgh,2012,2.87,2.55,2.66,2.57
Luxembourgh,2013,2.12,1.81,1.7,1.31
Luxembourgh,2014,1.07,0.89,0.63,-0.06
Luxembourgh,2015,0.02,0.52,0.55,0.8
Macedonia,1994,198.48,160.33,126.49,72
Macedonia,1995,28.11,17.53,11.45,10.2
Macedonia,1996,5.37,2.49,1.73,0.34
Macedonia,1997,-0.22,-0.55,3.26,2.76
Macedonia,1998,2.53,3.09,-1.26,-2.11
Macedonia,1999,-3.11,-3.32,-0.04,1.46
Macedonia,2000,2.99,9.42,8.19,5.95
Macedonia,2001,6.02,4.7,6.04,4.09
Macedonia,2002,4.37,2.82,0.77,1.34
Macedonia,2003,-0.1,0.43,2.13,1.97
Macedonia,2004,2.86,0.93,-0.18,0.11
Macedonia,2005,-0.79,0.02,0.81,0.63
Macedonia,2006,2.72,3.41,3.6,3.12
Macedonia,2007,1.08,1.08,2.27,4.58
Macedonia,2008,9.29,9.75,8.19,6.17
Macedonia,2009,0.9,-0.52,-1.27,-2.05
Macedonia,2010,0.16,0.83,2.03,3.06
Macedonia,2011,3.92,4.7,3.71,3.29
Macedonia,2012,2.45,2.23,3.73,4.86
Macedonia,2013,3.46,3.64,2.79,1.28
Macedonia,2014,0.58,-0.91,-0.35,-0.42
Macedonia,2015,-0.87,0.25,-0.21,-0.37
Malaysia,1980,6.33,6.08,6.89,7.38
Malaysia,1981,8.88,10.52,10.32,9.09
Malaysia,1982,7.22,6,4.97,5.15
Malaysia,1983,4.29,3.75,3.37,3.42
Malaysia,1984,5.03,4.2,3.95,2.44
Malaysia,1985,-0.29,0.35,0.69,0.64
Malaysia,1986,1.2,0.56,-0.08,1.27
Malaysia,1987,0.69,1.32,1.24,0.26
Malaysia,1988,1,1.15,2.4,3.29
Malaysia,1989,3.35,3.18,2.34,2.4
Malaysia,1990,2.41,2.93,2.14,2.99
Malaysia,1991,3.73,4.47,4.98,4.25
Malaysia,1992,4.31,4.54,5.19,5.02
Malaysia,1993,4.35,3.45,3.09,2.65
Malaysia,1994,4.07,3.35,3.64,4.47
Malaysia,1995,3.29,3.69,3.49,3.33
Malaysia,1996,3.35,3.66,3.6,3.35
Malaysia,1997,3.18,2.47,2.3,2.71
Malaysia,1998,4.3,5.73,5.67,5.37
Malaysia,1999,3.98,2.65,2.32,2.05
Malaysia,2000,1.61,1.41,1.46,1.66
Malaysia,2001,1.54,1.57,1.37,1.19
Malaysia,2002,1.45,1.94,2.07,1.77
Malaysia,2003,1.3,0.9,1,0.77
Malaysia,2004,0.93,1.15,1.47,2.52
Malaysia,2005,2.4,2.88,3.35,3.2
Malaysia,2006,3.75,4.12,3.55,3.03
Malaysia,2007,2.64,1.48,1.79,2.2
Malaysia,2008,2.57,4.85,8.41,5.91
Malaysia,2009,3.71,1.3,-2.29,-0.18
Malaysia,2010,1.39,1.65,1.9,1.97
Malaysia,2011,2.78,3.35,3.36,3.21
Malaysia,2012,2.28,1.72,1.35,1.31
Malaysia,2013,1.5,1.78,2.16,2.97
Malaysia,2014,3.46,3.29,3.01,2.82
Malaysia,2015,0.67,2.15,2.99,2.6
Malta,1980,15.31,16.98,17.03,13.78
Malta,1981,13.15,12.04,10.97,9.98
Malta,1982,6.44,5.65,5.98,5.22
Malta,1983,1.43,-0.22,-1.57,-3.11
Malta,1984,-0.63,-0.75,-0.81,0.43
Malta,1985,-0.96,-0.31,-0.08,0.42
Malta,1986,1.11,1.74,2.5,2.77
Malta,1987,0.99,0.85,0.48,-0.59
Malta,1988,-0.75,0.2,3.15,1.31
Malta,1989,2.64,0.82,-0.89,0.74
Malta,1990,0.8,3.04,3.56,4.52
Malta,1991,4.66,2.64,1.22,1
Malta,1992,0.43,2.22,1.71,2.92
Malta,1993,3.46,3.13,5.11,4.85
Malta,1994,5.07,4.46,3.92,3.12
Malta,1995,4.2,4.32,2.4,3.25
Malta,1996,2.08,3.13,3.66,2.85
Malta,1997,3.03,2.62,3.11,3.68
Malta,1998,3.32,2.61,2.21,1.43
Malta,1999,1.69,1.48,2.34,3
Malta,2000,2.88,2.6,2.22,1.81
Malta,2001,1.06,2.73,4.06,3.85
Malta,2002,5.13,3.44,1.5,1.07
Malta,2003,-0.36,0.57,0.86,1.89
Malta,2004,2.68,2.67,3.02,2.79
Malta,2005,2.85,3.08,2.33,3.76
Malta,2006,2.52,3.79,3.6,1.22
Malta,2007,0.94,-0.18,1.28,2.97
Malta,2008,3.72,3.78,4.45,5.06
Malta,2009,4,3.43,1.41,-0.36
Malta,2010,0.64,1.31,1.64,2.47
Malta,2011,2.56,2.94,2.92,2.46
Malta,2012,2.13,2.17,2.42,2.94
Malta,2013,2.06,1.62,1.43,0.42
Malta,2014,0.95,-0.16,0.02,0.45
Malta,2015,0.67,1.37,1.25,1.1
Mexico,1980,22.62,25.09,28.38,28.94
Mexico,1981,27.95,28.38,26.84,28.54
Mexico,1982,32.77,44.33,65.64,87.63
Mexico,1983,112.29,114.68,100.82,87.4
Mexico,1984,73.44,67.84,63.31,60.38
Mexico,1985,59.37,54.98,55.8,60.6
Mexico,1986,66.67,77,91.49,103.11
Mexico,1987,109.4,124.31,134.21,148.38
Mexico,1988,177.44,147.75,107.35,66.81
Mexico,1989,26.87,18.43,16.98,18.69
Mexico,1990,23.49,25.15,27.97,29.6
Mexico,1991,26.53,24.34,20.98,19.47
Mexico,1992,17.35,16.26,15.45,13.22
Mexico,1993,10.89,9.99,9.6,8.62
Mexico,1994,7.26,6.92,6.75,6.94
Mexico,1995,15.01,33.77,41.66,48.71
Mexico,1996,48.01,34.13,30.54,28.14
Mexico,1997,25.5,21.29,19.21,17.22
Mexico,1998,15.3,15.13,15.61,17.56
Mexico,1999,18.6,17.87,16.48,13.7
Mexico,2000,10.55,9.54,9.04,8.91
Mexico,2001,7.46,6.87,5.97,5.22
Mexico,2002,4.74,4.78,5.25,5.35
Mexico,2003,5.44,4.74,4.07,3.97
Mexico,2004,4.32,4.29,4.79,5.34
Mexico,2005,4.4,4.51,3.97,3.1
Mexico,2006,3.7,3.13,3.54,4.14
Mexico,2007,4.1,3.97,3.99,3.81
Mexico,2008,3.89,4.92,5.48,6.18
Mexico,2009,6.18,5.96,5.14,3.98
Mexico,2010,4.75,3.96,3.67,4.25
Mexico,2011,3.46,3.3,3.37,3.5
Mexico,2012,3.88,3.87,4.59,4.11
Mexico,2013,3.69,4.46,3.44,3.65
Mexico,2014,4.16,3.59,4.15,4.18
Mexico,2015,3.07,2.94,2.61,2.27
Mongolia,1992,,,,304.09
Mongolia,1993,378.19,294.22,296.68,201.57
Mongolia,1994,137.54,98.58,73.01,67.8
Mongolia,1995,-1.85,0.46,3.37,-1.88
Mongolia,1996,56.07,55.19,36.34,43.69
Mongolia,1997,39.28,48.38,38.96,22.3
Mongolia,1998,19.01,9.09,5.1,5.4
Mongolia,1999,5.14,6.1,9.31,9.8
Mongolia,2000,12.54,15.03,10.42,8.34
Mongolia,2001,9.71,4.03,4.22,7.42
Mongolia,2002,1.43,-1.97,2.1,2.27
Mongolia,2003,2.83,7.09,5.43,5.15
Mongolia,2004,6.27,4.35,11.26,11.21
Mongolia,2005,12.34,15.9,13.15,9.55
Mongolia,2006,6.93,3.35,3.83,6.41
Mongolia,2007,5.21,5.81,10.53,14.5
Mongolia,2008,16.82,28.91,31.02,23.09
Mongolia,2009,18.52,8.19,0,0.56
Mongolia,2010,6.93,10.86,10.29,12.48
Mongolia,2011,11.19,4.12,10.17,12.66
Mongolia,2012,13.87,16.43,15.17,14.47
Mongolia,2013,10.19,7.59,6.78,9.91
Mongolia,2014,12.03,14.16,14.17,11.8
Mongolia,2015,8.86,7.38,5.49,1.64
Montenegro,2006,2.86,3.09,2.94,2.81
Montenegro,2007,2.72,2.03,5.22,7.39
Montenegro,2008,8.86,10.85,8.94,6.52
Montenegro,2009,5.27,3.74,2.72,2.22
Montenegro,2010,1.28,0.3,0.43,0.62
Montenegro,2011,2.25,3.74,3.88,3.92
Montenegro,2012,3.66,3.47,4.25,5.18
Montenegro,2013,3.59,2.78,2.22,0.29
Montenegro,2014,-0.62,-0.92,-1.02,-0.28
Montenegro,2015,0.81,2.1,,
Namibia,2003,11.2,8.49,6.17,3.08
Namibia,2004,4.03,4.2,4.1,4.22
Namibia,2005,2.16,1.36,2.29,3.31
Namibia,2006,4.05,4.55,5.41,5.8
Namibia,2007,6.2,7.27,6.77,5.96
Namibia,2008,6.45,8.14,10.47,11.19
Namibia,2009,11.35,9.92,8.77,7.94
Namibia,2010,7.41,5.46,3.69,3.09
Namibia,2011,3.3,5.05,5.04,6.6
Namibia,2012,7.15,6.24,6.48,7.02
Namibia,2013,5.97,5.95,5.79,4.73
Namibia,2014,5.1,6.03,5.42,4.86
Namibia,2015,3.8,3.03,3.33,3.46
New Zealand,1980,18.13,17.96,16.24,16.21
New Zealand,1981,15.34,14.97,15.44,15.6
New Zealand,1982,15.83,17,16.56,15.34
New Zealand,1983,12.67,8.3,5.46,3.55
New Zealand,1984,3.51,4.7,7.08,9.42
New Zealand,1985,13.31,16.69,16.22,15.34
New Zealand,1986,12.96,10.42,11.04,18.24
New Zealand,1987,18.3,18.94,16.95,9.58
New Zealand,1988,8.98,6.34,5.62,4.71
New Zealand,1989,4.02,4.44,7.15,7.21
New Zealand,1990,7.02,7.62,5.01,4.85
New Zealand,1991,4.53,2.81,2.16,0.98
New Zealand,1992,0.79,0.98,0.96,1.33
New Zealand,1993,0.96,1.31,1.48,1.39
New Zealand,1994,1.38,1.1,1.78,2.81
New Zealand,1995,3.95,4.59,3.56,2.88
New Zealand,1996,2.22,1.99,2.4,2.59
New Zealand,1997,1.75,1.13,1.02,0.81
New Zealand,1998,1.32,1.72,1.71,0.4
New Zealand,1999,-0.1,-0.4,-0.5,0.5
New Zealand,2000,1.5,2,2.99,3.98
New Zealand,2001,3.06,3.24,2.42,1.82
New Zealand,2002,2.59,2.75,2.56,2.64
New Zealand,2003,2.43,1.39,1.47,1.55
New Zealand,2004,1.55,2.37,2.54,2.7
New Zealand,2005,2.78,2.85,3.36,3.16
New Zealand,2006,3.32,3.98,3.54,2.63
New Zealand,2007,2.54,2,1.79,3.18
New Zealand,2008,3.37,4.02,5.07,3.38
New Zealand,2009,2.97,1.89,1.67,1.96
New Zealand,2010,2.05,1.67,1.46,4.03
New Zealand,2011,4.47,5.28,4.59,1.85
New Zealand,2012,1.57,0.95,0.77,0.95
New Zealand,2013,0.86,0.68,1.37,1.63
New Zealand,2014,1.53,1.62,1.01,0.76
New Zealand,2015,0.25,0.42,0.42,0.08
Nicaragua,1980,72.34,39.65,19.4,25.08
Nicaragua,1981,24.37,21.01,26.4,23.68
Nicaragua,1982,23.53,31.31,23.27,21.39
Nicaragua,1983,22.88,25.11,39.27,35.85
Nicaragua,1984,33.22,27.3,33.61,46.54
Nicaragua,1985,76.41,192.57,264.29,300.41
Nicaragua,1986,383.29,581.53,748.1,775.91
Nicaragua,1987,499.64,517.49,822.46,796.68
Nicaragua,1988,3327.89,3613.23,4631.24,22842.2
Nicaragua,1989,28284,18173.1,10531.2,2677.43
Nicaragua,1990,867.02,1894.98,5996.14,11509.4
Nicaragua,1991,35681.3,21705.3,3432.92,1221.25
Nicaragua,1992,153.75,8.07,6.57,2.82
Nicaragua,1993,18.16,19.61,23.1,20.74
Nicaragua,1994,4.88,4.68,6.53,10.64
Nicaragua,1995,11.69,11.34,9.7,11.05
Nicaragua,1996,11.42,12.85,11.67,10.61
Nicaragua,1997,10.25,8.62,10.53,7.62
Nicaragua,1998,9.6,13.73,11.63,17
Nicaragua,1999,14.85,9.17,11.97,9.21
Nicaragua,2000,14.47,13.95,10.04,9.87
Nicaragua,2001,6.24,6.45,6.08,5.19
Nicaragua,2002,3.99,3.56,3.78,3.68
Nicaragua,2003,5.02,4.91,5.21,6.05
Nicaragua,2004,7.1,8.14,8.72,9.87
Nicaragua,2005,8.35,9.74,10.6,9.66
Nicaragua,2006,10.3,9.75,8.43,8.17
Nicaragua,2007,9.07,9.02,10.39,15.86
Nicaragua,2008,18.19,21.41,23.44,16.43
Nicaragua,2009,10.54,4.27,-0.01,0.6
Nicaragua,2010,3.01,4.72,5.65,8.43
Nicaragua,2011,7.31,8.15,9.21,7.65
Nicaragua,2012,8.55,7.63,6.25,6.42
Nicaragua,2013,7.2,7.45,7.65,6.26
Nicaragua,2014,5.18,5.27,6.72,6.94
Nicaragua,2015,5.63,4.9,2.87,2.69
Norway,1980,7.96,10.14,12.14,13.22
Norway,1981,14.5,14.12,13.72,12.31
Norway,1982,11.95,11.09,10.92,11.55
Norway,1983,9.76,9.04,7.76,7.18
Norway,1984,6.5,6.53,6.11,5.99
Norway,1985,5.58,5.67,5.74,5.67
Norway,1986,5.84,6.01,8.05,8.78
Norway,1987,9.98,9.68,7.9,7.46
Norway,1988,7,7.14,6.6,6.07
Norway,1989,4.77,4.69,4.54,4.24
Norway,1990,4.35,3.82,3.78,4.51
Norway,1991,3.83,3.72,3.49,2.65
Norway,1992,2.42,2.44,2.28,2.23
Norway,1993,2.55,2.46,2.16,1.92
Norway,1994,1.25,0.97,1.57,1.8
Norway,1995,2.62,2.69,2.34,2.18
Norway,1996,0.92,0.97,1.38,1.76
Norway,1997,3.11,2.72,2.26,2.24
Norway,1998,2.13,2.25,2.36,2.29
Norway,1999,2.25,2.44,1.96,2.68
Norway,2000,2.86,2.93,3.46,3.09
Norway,2001,3.57,3.96,2.56,2
Norway,2002,1.05,0.43,1.45,2.24
Norway,2003,4.54,2.24,1.91,1.23
Norway,2004,-1.4,0.86,1.19,1.24
Norway,2005,1.01,1.53,1.76,1.78
Norway,2006,2.23,2.37,2.23,2.5
Norway,2007,1.03,0.34,0.17,1.37
Norway,2008,3.54,3.21,4.71,3.6
Norway,2009,2.44,3.11,1.75,1.39
Norway,2010,2.94,2.6,1.85,2.21
Norway,2011,1.4,1.42,1.48,0.9
Norway,2012,0.82,0.43,0.38,1.2
Norway,2013,1.22,1.98,3.01,2.32
Norway,2014,2.13,1.84,2.13,2
Norway,2015,1.97,2.25,1.97,2.51
Paraguay,1980,29.98,31.12,19.56,11.99
Paraguay,1981,16.2,13.71,9.35,12.86
Paraguay,1982,4.68,3.77,5.79,6.2
Paraguay,1983,10.44,11.26,16.77,15.12
Paraguay,1984,14.24,17.82,20.5,27.89
Paraguay,1985,26.4,23.92,25.73,24.87
Paraguay,1986,35.91,39.95,29.29,23.74
Paraguay,1987,19.85,17.37,20.23,29.3
Paraguay,1988,26.37,20.33,25.31,18.97
Paraguay,1989,17.99,26.77,31.39,28.88
Paraguay,1990,32.68,38.4,34.9,42.2
Paraguay,1991,39.32,28.78,20.21,12.85
Paraguay,1992,12.86,13.57,16.92,16.96
Paraguay,1993,17.73,19.3,16.43,19.54
Paraguay,1994,21.33,21.16,21.45,18.66
Paraguay,1995,15.23,14.38,13.06,11.1
Paraguay,1996,10.86,10.33,9.48,8.61
Paraguay,1997,7.86,7.79,6.35,5.85
Paraguay,1998,6.8,10.31,13.45,15.54
Paraguay,1999,11.37,5.48,5.75,4.78
Paraguay,2000,7.84,10.49,8.36,9.25
Paraguay,2001,8.23,7.05,6.82,7.01
Paraguay,2002,7.13,7.44,12.99,14.31
Paraguay,2003,19.48,18.73,9.77,9.76
Paraguay,2004,4.09,3.39,7.07,2.81
Paraguay,2005,3.7,6.39,6.26,10.85
Paraguay,2006,11.19,9.25,7.95,10.03
Paraguay,2007,7.86,6.71,9.53,8.39
Paraguay,2008,10.55,12.26,10.93,7.07
Paraguay,2009,4.51,2.04,1.66,2.21
Paraguay,2010,3.29,4.78,4.32,6.19
Paraguay,2011,9.2,9.35,9,5.57
Paraguay,2012,4.05,3.68,3.18,3.81
Paraguay,2013,2.33,1.39,2.84,4.17
Paraguay,2014,5.15,6.58,4.68,3.75
Paraguay,2015,3.1,2.6,3.74,3.08
Peru,1980,64.83,57.68,55.36,59.79
Peru,1981,72.03,80.54,77.24,72.33
Peru,1982,60.65,60.19,63.59,71.32
Peru,1983,84.84,102.27,123.26,124.89
Peru,1984,122.95,114.76,103.03,106.3
Peru,1985,127.11,156.29,187.92,169.24
Peru,1986,128.2,89.81,60.44,60.64
Peru,1987,66.59,74.99,88.08,105.95
Peru,1988,150.05,219.15,503.07,1397.2
Peru,1989,2935.05,5146.27,4394.32,2864.29
Peru,1990,2198.14,2085.61,9411.87,8408.9
Peru,1991,5604.93,2742.97,322.12,169
Peru,1992,103.8,86.86,62.77,56.83
Peru,1993,55.19,51.85,48.09,41.54
Peru,1994,33.63,25.7,20.74,16.99
Peru,1995,12.85,11.25,10.29,10.27
Peru,1996,11.46,11.29,11.77,11.61
Peru,1997,9.92,9.03,8.41,7.01
Peru,1998,7.74,8.11,7.16,6.02
Peru,1999,4.19,3.16,2.78,3.77
Peru,2000,3.87,3.45,3.71,4
Peru,2001,3.69,2.59,1.47,0.22
Peru,2002,-1.01,0.08,0.27,1.45
Peru,2003,2.83,2.39,1.95,1.88
Peru,2004,2.99,3.41,4.41,3.84
Peru,2005,2.19,1.76,1.24,1.28
Peru,2006,2.37,2.32,1.81,1.52
Peru,2007,0.41,0.81,2.4,3.5
Peru,2008,4.84,5.53,6.09,6.64
Peru,2009,5.59,3.97,1.92,0.41
Peru,2010,0.68,1.15,2.17,2.13
Peru,2011,2.35,3.11,3.47,4.53
Peru,2012,4.21,4.07,3.51,2.85
Peru,2013,2.65,2.54,3.12,2.96
Peru,2014,3.39,3.47,2.9,3.16
Peru,2015,2.96,3.31,3.86,4.07
Poland,1981,9.29,16.72,18.76,30.88
Poland,1982,94.52,112.6,114.96,92.99
Poland,1983,39.22,25.41,20.76,19.61
Poland,1984,15.9,14.89,17.09,13.8
Poland,1985,11.01,10.42,10.59,14.02
Poland,1986,16.8,16.84,15,17.56
Poland,1987,18.79,25.98,30.22,29.88
Poland,1988,46.67,55.66,61.52,68.72
Poland,1989,75.51,84.95,186.2,553.91
Poland,1990,1134.5,1075.79,690.39,265.58
Poland,1991,95.79,82.06,72.37,64.03
Poland,1992,46.84,43.5,45.43,45.64
Poland,1993,41.4,38.08,34.97,34.05
Poland,1994,32.51,32.67,34.28,33.43
Poland,1995,33.09,31.96,26.08,22.46
Poland,1996,20.57,19.76,20.2,18.84
Poland,1997,17.53,15.05,14.52,13.47
Poland,1998,13.8,12.98,11.13,9.17
Poland,1999,6.17,6.3,7.33,9.25
Poland,2000,10.23,10.04,10.8,9.2
Poland,2001,6.76,6.62,4.9,3.77
Poland,2002,3.59,2.03,1.15,0.88
Poland,2003,0.34,0.39,0.84,1.58
Poland,2004,1.8,3.38,4.66,4.45
Poland,2005,3.83,2.34,1.43,0.89
Poland,2006,0.67,1.01,1.45,1.33
Poland,2007,1.94,2.36,1.97,3.27
Poland,2008,4.27,4.45,4.84,3.85
Poland,2009,3.61,4.06,4,3.64
Poland,2010,3.45,2.31,2.23,2.86
Poland,2011,3.83,4.54,4.07,4.59
Poland,2012,4.05,3.77,3.68,2.75
Poland,2013,1.43,0.68,1.2,0.83
Poland,2014,0.67,0.24,-0.31,-0.73
Poland,2015,-1.28,-0.82,-0.73,-0.58
Portugual,1980,22.57,17.27,15.57,12.25
Portugual,1981,15.24,17.73,21.77,24.99
Portugual,1982,25.42,25.77,21.35,19.04
Portugual,1983,20.77,20.83,26.16,32.01
Portugual,1984,30.71,31.19,30.18,23.84
Portugual,1985,24.55,22.05,16.4,16.34
Portugual,1986,13.03,11.8,11.5,10.8
Portugual,1987,9.66,9.1,9.26,9.37
Portugual,1988,8.54,8.5,10.23,11.44
Portugual,1989,12.32,13.07,13.31,11.8
Portugual,1990,12.58,13.51,13.23,14.11
Portugual,1991,12.6,11.57,10.7,9
Portugual,1992,8.34,9.6,9.24,8.58
Portugual,1993,7.92,5.82,5.86,6.47
Portugual,1994,6.11,5.79,4.85,4.16
Portugual,1995,4.62,4.24,3.89,3.75
Portugual,1996,2.43,3.33,3.61,3.1
Portugual,1997,2.92,2,1.57,2.16
Portugual,1998,2.05,2.63,3.1,3.08
Portugual,1999,2.76,2.53,1.97,1.96
Portugual,2000,1.76,2.44,3.42,3.75
Portugual,2001,4.85,4.64,4.17,3.94
Portugual,2002,3.29,3.33,3.5,4.01
Portugual,2003,4.07,3.61,2.96,2.56
Portugual,2004,2.15,2.48,2.42,2.37
Portugual,2005,2.14,1.83,2.55,2.65
Portugual,2006,2.85,2.9,2.73,2.49
Portugual,2007,2.75,3.35,2.44,2.68
Portugual,2008,2.94,2.87,3.05,1.51
Portugual,2009,-0.01,-1.1,-1.51,-0.7
Portugual,2010,0.3,0.99,1.95,2.38
Portugual,2011,3.73,3.76,3.2,3.91
Portugual,2012,3.42,2.8,2.91,1.98
Portugual,2013,0.2,0.62,0.34,-0.07
Portugual,2014,-0.13,-0.33,-0.54,-0.11
Portugual,2015,-0.1,0.72,0.77,0.56
Romania,1991,,,,229.02
Romania,1992,257.08,217.67,197.47,197.96
Romania,1993,166.98,213.32,280.56,308.21
Romania,1994,265.44,195.76,125.33,72.63
Romania,1995,49.02,30.59,27.55,25.98
Romania,1996,27.51,32.29,43.27,49.96
Romania,1997,115.75,176.07,160.11,161.52
Romania,1998,97.43,57.04,52.76,43.72
Romania,1999,35.43,43.26,49.46,53.07
Romania,2000,53.69,44.44,44.92,41.62
Romania,2001,40.06,36.83,31.8,30.6
Romania,2002,26.94,24.29,21.35,18.42
Romania,2003,16.66,14.78,14.96,14.8
Romania,2004,13.56,12.29,11.88,9.96
Romania,2005,8.85,9.84,8.81,8.48
Romania,2006,8.61,7.14,5.95,4.77
Romania,2007,3.82,3.8,4.99,6.69
Romania,2008,7.95,8.56,8.11,6.81
Romania,2009,6.77,6.09,4.99,4.56
Romania,2010,4.63,4.36,7.5,7.86
Romania,2011,7.53,8.23,4.18,3.38
Romania,2012,2.57,1.87,4.07,4.82
Romania,2013,5.62,5.33,3.31,1.76
Romania,2014,1.06,0.93,1.12,1.18
Romania,2015,0.53,0.09,-1.76,
Russia,1993,752.77,707.79,952.9,925.51
Russia,1994,676.15,469.37,267.27,209.74
Russia,1995,216.8,222.6,221.11,156.82
Russia,1996,90,58.53,37.25,24.25
Russia,1997,18.22,14.79,14.57,11.85
Russia,1998,9.36,7.27,22.44,70.08
Russia,1999,102.61,116.83,98.2,47.47
Russia,2000,25.41,19.81,18.72,19.77
Russia,2001,22.18,24.4,20.94,18.66
Russia,2002,17.81,15.54,14.97,15.01
Russia,2003,14.63,14.02,13.54,12.55
Russia,2004,10.66,10.18,10.99,11.64
Russia,2005,13.09,13.75,12.68,11.29
Russia,2006,10.85,9.43,9.42,9.07
Russia,2007,7.72,7.94,8.89,11.39
Russia,2008,12.86,14.87,14.94,13.74
Russia,2009,13.74,12.43,11.44,9.21
Russia,2010,7.21,5.92,6.18,8.12
Russia,2011,9.5,9.53,8.11,6.69
Russia,2012,3.86,3.83,6.03,6.51
Russia,2013,7.12,7.17,6.37,6.42
Russia,2014,6.4,7.58,7.68,9.58
Russia,2015,16.2,15.81,15.69,
Senegal,1980,10.88,11.24,6.04,7.05
Senegal,1981,3.71,3.14,6.88,9.79
Senegal,1982,18.33,19.22,17.06,15.12
Senegal,1983,7.97,7.87,15.1,15.18
Senegal,1984,9.76,14.64,11.82,10.99
Senegal,1985,16.19,14.96,9.92,11.47
Senegal,1986,11.39,5.29,4.66,3.81
Senegal,1987,-3.65,-3.77,-3.02,-6.07
Senegal,1988,-1.25,-2.42,-2.08,-1.55
Senegal,1989,-2.02,0.56,1.45,1.78
Senegal,1990,2.04,1.62,-1.78,-0.45
Senegal,1991,-1.62,-1.46,-1.85,-2.07
Senegal,1992,0.49,-0.29,-0.15,-0.48
Senegal,1993,-1.91,-2.12,1.52,0.16
Senegal,1994,22.18,30.41,35.86,40.41
Senegal,1995,13.78,8.57,5.68,4.33
Senegal,1996,4.13,3.55,2.31,1.17
Senegal,1997,4.1,2.24,0.23,0.56
Senegal,1998,0.72,0.67,1.92,1.3
Senegal,1999,0.78,1.32,0.48,0.74
Senegal,2000,0.84,1.04,0.06,0.99
Senegal,2001,1.67,2.1,3.88,4.61
Senegal,2002,3.54,3.54,1.65,0.3
Senegal,2003,0.82,-0.58,-0.06,-0.3
Senegal,2004,-0.24,0.52,0.66,1.09
Senegal,2005,0.55,1.13,2.45,2.66
Senegal,2006,2.38,2.21,1.29,2.59
Senegal,2007,5.16,5.88,6.14,6.21
Senegal,2008,4.5,6.13,7.19,5.23
Senegal,2009,1.79,-1.77,-4.75,-4.02
Senegal,2010,-0.68,-0.05,2.51,3.13
Senegal,2011,3.63,4.52,2.8,2.71
Senegal,2012,2.14,0.97,0.9,1.67
Senegal,2013,0.26,0.72,1.13,0.69
Senegal,2014,-0.07,-1.29,-1.28,-1.66
Senegal,2015,-1.63,0.26,0.68,1.26
Serbia,1995,74.66,49.2,84.52,118.24
Serbia,1996,121.6,115.23,97.9,66.56
Serbia,1997,43.1,28.84,15.4,11.28
Serbia,1998,12.84,24.06,36.76,46.29
Serbia,1999,43.19,37.44,38.5,49.58
Serbia,2000,47.24,53.13,65.64,106.12
Serbia,2001,119.13,132.51,112.59,50.04
Serbia,2002,37.26,18.6,14.59,11.82
Serbia,2003,12.08,12,8.04,7.71
Serbia,2004,8.59,10.3,12.21,12.87
Serbia,2005,15.93,16.44,15.47,16.62
Serbia,2006,14.62,14.15,11.45,7.11
Serbia,2007,4.92,3.64,6.67,10.28
Serbia,2008,12.52,14.63,12.02,10.6
Serbia,2009,10.06,8.76,7.94,5.86
Serbia,2010,4.45,4.01,6.46,9.59
Serbia,2011,12.63,13.59,10.64,7.91
Serbia,2012,4.66,4.11,8.14,12.32
Serbia,2013,12.15,10.39,6.88,1.98
Serbia,2014,2.67,1.79,1.88,2
Serbia,2015,0.89,1.74,1.53,1.4
Slovakia,1994,15.46,13.88,12.72,11.82
Slovakia,1995,11.48,10.94,9.8,7.53
Slovakia,1996,6.26,6.15,5.48,5.37
Slovakia,1997,6.01,6.25,5.98,6.19
Slovakia,1998,7.35,7.39,6.19,5.89
Slovakia,1999,6.88,6.97,14.27,14.06
Slovakia,2000,15.54,15.8,8.85,8.52
Slovakia,2001,7.01,7.64,7.92,6.74
Slovakia,2002,4.68,3.1,2.51,3.04
Slovakia,2003,7.61,7.94,9.13,9.53
Slovakia,2004,8.33,8.15,7.44,6.31
Slovakia,2005,2.77,2.52,2.09,3.45
Slovakia,2006,4.32,4.63,4.91,4.07
Slovakia,2007,2.81,2.5,2.46,3.25
Slovakia,2008,4.03,4.49,5.07,4.8
Slovakia,2009,2.93,1.92,1.2,0.45
Slovakia,2010,0.54,1.12,1.07,1.09
Slovakia,2011,3.32,3.88,3.97,4.51
Slovakia,2012,3.82,3.5,3.64,3.47
Slovakia,2013,2.18,1.63,1.3,0.51
Slovakia,2014,-0.08,-0.06,-0.12,-0.04
Slovakia,2015,-0.41,-0.1,-0.3,-0.49
Slovenia,1993,56.62,29.65,24.9,22.48
Slovenia,1994,20.09,21.31,22.3,20.27
Slovenia,1995,19.04,14.74,11.52,9.05
Slovenia,1996,8.75,10.93,10.27,9.43
Slovenia,1997,8.15,7.62,8.79,8.87
Slovenia,1998,9.16,8.56,7.44,6.58
Slovenia,1999,5.59,4.37,6.77,7.84
Slovenia,2000,8.34,9.3,8.65,9.21
Slovenia,2001,8.68,9.41,8.38,7.28
Slovenia,2002,8.03,7.58,7.24,7.06
Slovenia,2003,6.37,5.64,5.48,4.85
Slovenia,2004,3.68,3.73,3.58,3.37
Slovenia,2005,2.65,2.25,2.52,2.49
Slovenia,2006,2.16,2.94,2.55,2.18
Slovenia,2007,2.34,3.01,3.62,5.45
Slovenia,2008,6.59,6.62,6.13,3.35
Slovenia,2009,1.83,0.72,-0.22,1.14
Slovenia,2010,1.41,2.08,2.13,1.73
Slovenia,2011,1.73,1.74,1.3,2.47
Slovenia,2012,2.51,2.45,2.86,2.58
Slovenia,2013,2.35,1.54,2.08,1.09
Slovenia,2014,0.5,0.63,-0.24,-0.08
Slovenia,2015,-0.39,-0.64,-0.45,-0.6
Solomon Island,1980,10,11.65,14.4,16.28
Solomon Island,1981,16.63,19.21,16.57,13.35
Solomon Island,1982,14.56,12.64,11.9,13.01
Solomon Island,1983,9.15,6.12,5.99,5.83
Solomon Island,1984,8.35,10.6,13.13,6.53
Solomon Island,1985,6.92,5.6,0.77,8.1
Solomon Island,1986,7.2,13.08,16.47,17.33
Solomon Island,1987,17.25,7.16,9.77,10.3
Solomon Island,1988,14.61,18.7,17.31,16.37
Solomon Island,1989,18.29,16.21,13.05,12.49
Solomon Island,1990,7.56,8.16,8.87,10.3
Solomon Island,1991,13.3,16.98,16.99,13.01
Solomon Island,1992,10.75,10.72,10.13,11.4
Solomon Island,1993,8.25,9.24,9.33,9.8
Solomon Island,1994,13.4,12.16,14.56,12.9
Solomon Island,1995,10.43,9.08,8.5,10.54
Solomon Island,1996,14.48,13.16,10.5,9.19
Solomon Island,1997,7.15,8.6,8.17,8.4
Solomon Island,1998,10.76,11.63,13.77,13.38
Solomon Island,1999,9.57,7.5,8.01,7.08
Solomon Island,2000,5.41,7.06,10.01,8.97
Solomon Island,2001,10.78,8.13,3.33,5.82
Solomon Island,2002,5.02,8.73,14.53,15.28
Solomon Island,2003,13.49,11.09,5.54,3.71
Solomon Island,2004,6.8,6.67,6.99,7.48
Solomon Island,2005,5.01,5.73,9.99,8.5
Solomon Island,2006,12.55,13.12,9.1,10.29
Solomon Island,2007,8.57,6.25,5.79,10.05
Solomon Island,2008,9.73,16.5,23.48,19.36
Solomon Island,2009,17.12,9.43,2.02,1.28
Solomon Island,2010,1.64,0.98,0.66,0.87
Solomon Island,2011,3.43,7.34,8.94,9.76
Solomon Island,2012,7.3,7.11,4.69,4.63
Solomon Island,2013,7.09,5.21,6.3,3.02
Solomon Island,2014,3.44,7.15,5.25,4.8
Solomon Island,2015,-0.31,-4.78,,
South Africa,1980,13.33,14.08,12.24,14.95
South Africa,1981,16.01,14.87,15.76,14.45
South Africa,1982,14.37,16.53,13.87,13.89
South Africa,1983,14.04,12.53,12.18,10.64
South Africa,1984,10.15,11.34,11.68,12.83
South Africa,1985,15.1,16.23,16.33,17.41
South Africa,1986,19.25,17.37,19.09,18.91
South Africa,1987,16.57,17.15,15.89,15.14
South Africa,1988,13.6,12.75,12.46,12.38
South Africa,1989,13.59,14.87,15.35,15.04
South Africa,1990,15.1,13.95,13.66,14.62
South Africa,1991,14.44,15.12,15.58,16.11
South Africa,1992,15.86,15.01,14.15,10.79
South Africa,1993,9.4,10.63,9.4,9.45
South Africa,1994,9.67,7.15,9.13,9.8
South Africa,1995,9.96,10.65,7.73,6.56
South Africa,1996,6.51,6.08,7.63,9.14
South Africa,1997,9.61,9.38,8.62,6.89
South Africa,1998,5.49,5.12,7.74,9.08
South Africa,1999,8.46,7.29,3.34,1.96
South Africa,2000,2.79,4.93,6.6,7.01
South Africa,2001,7.42,6.41,4.77,4.3
South Africa,2002,5.69,7.72,10.4,12.75
South Africa,2003,10.68,7.78,4.7,0.75
South Africa,2004,0.44,0.68,1.28,3.16
South Africa,2005,2.86,3.18,3.89,3.65
South Africa,2006,3.76,4.03,5.22,5.53
South Africa,2007,5.94,6.98,6.97,8.44
South Africa,2008,9.87,11.65,13.43,11.13
South Africa,2009,8.41,7.75,6.4,6.03
South Africa,2010,5.67,4.54,3.46,3.45
South Africa,2011,3.83,4.6,5.45,6.07
South Africa,2012,6.12,5.76,5.1,5.65
South Africa,2013,5.25,4.86,6.24,5.41
South Africa,2014,6.37,7.26,6.23,5.67
South Africa,2015,4.13,4.6,4.72,4.89
South Korea,1980,25.87,26.21,28.72,33.54
South Korea,1981,26.1,22.84,22.7,14.84
South Korea,1982,11.8,8.35,4.76,4.34
South Korea,1983,5.07,3.7,2.56,2.41
South Korea,1984,1.94,2.16,2.35,2.65
South Korea,1985,2.1,2.21,2.54,2.99
South Korea,1986,3.48,3.29,2.91,1.47
South Korea,1987,0.78,2.46,3.52,5.43
South Korea,1988,7.49,7.21,7.08,6.82
South Korea,1989,5.59,5.6,5.65,5.95
South Korea,1990,6.52,8.88,9.62,9.24
South Korea,1991,10.98,9.08,8.68,9.05
South Korea,1992,7.07,6.66,6.03,4.74
South Korea,1993,4.63,4.68,4.43,5.46
South Korea,1994,6.52,5.84,6.91,5.8
South Korea,1995,4.76,4.83,3.91,4.46
South Korea,1996,4.67,4.87,5.06,5.08
South Korea,1997,4.69,4.04,3.97,5.05
South Korea,1998,8.93,8.17,7.03,5.97
South Korea,1999,0.71,0.59,0.65,1.3
South Korea,2000,1.55,1.55,3.02,2.51
South Korea,2001,4.04,5.05,4.18,3.36
South Korea,2002,2.53,2.69,2.58,3.25
South Korea,2003,4.08,3.37,3.17,3.52
South Korea,2004,3.28,3.38,4.31,3.4
South Korea,2005,3.28,2.94,2.37,2.43
South Korea,2006,2.01,2.3,2.49,2.19
South Korea,2007,2.07,2.45,2.33,3.31
South Korea,2008,3.77,4.78,5.51,4.53
South Korea,2009,3.92,2.8,1.99,2.41
South Korea,2010,2.98,2.66,2.87,3.23
South Korea,2011,3.84,3.98,4.28,3.96
South Korea,2012,3.02,2.43,1.64,1.72
South Korea,2013,1.56,1.22,1.36,1.07
South Korea,2014,1.13,1.6,1.38,0.98
South Korea,2015,0.56,0.53,0.68,
Spain,1980,16.65,15.59,15.11,14.95
Spain,1981,14.67,14.91,14.29,14.38
Spain,1982,14.26,15.07,14.66,13.68
Spain,1983,13.23,12.01,11.07,12.46
Spain,1984,12.04,11.28,12.03,9.83
Spain,1985,9.55,9.67,7.83,8.28
Spain,1986,8.95,8.16,9.48,8.6
Spain,1987,6.09,5.65,4.64,4.65
Spain,1988,4.42,4.06,5.38,5.47
Spain,1989,6.23,6.91,6.91,7.1
Spain,1990,6.99,6.76,6.4,6.74
Spain,1991,6.18,6.07,5.92,5.58
Spain,1992,6.55,6.39,5.59,5.21
Spain,1993,4.23,4.68,4.59,4.77
Spain,1994,5,4.84,4.69,4.36
Spain,1995,4.77,5.13,4.44,4.37
Spain,1996,3.65,3.61,3.67,3.32
Spain,1997,2.54,1.57,1.8,1.97
Spain,1998,1.84,2.02,1.98,1.49
Spain,1999,1.87,2.25,2.4,2.71
Spain,2000,2.92,3.18,3.62,4
Spain,2001,3.79,4.14,3.65,2.81
Spain,2002,2.51,3.43,2.38,3.94
Spain,2003,3.76,2.85,2.91,2.65
Spain,2004,2.19,3.2,3.31,3.44
Spain,2005,3.26,3.22,3.44,3.55
Spain,2006,4.02,3.95,3.53,2.59
Spain,2007,2.42,2.39,2.37,3.96
Spain,2008,4.38,4.6,4.91,2.45
Spain,2009,0.47,-0.68,-1.07,0.14
Spain,2010,1.09,1.59,1.95,2.55
Spain,2011,3.49,3.49,3.07,2.75
Spain,2012,1.96,1.97,2.76,3.09
Spain,2013,2.62,1.72,1.21,0.13
Spain,2014,0.03,0.22,-0.33,-0.5
Spain,2015,-1.03,-0.26,-0.4,-0.32
Switzerland,1980,4.33,3.88,3.76,4.12
Switzerland,1981,5.84,5.98,7.16,6.95
Switzerland,1982,5.34,5.88,5.57,5.82
Switzerland,1983,4.83,3.57,1.78,1.79
Switzerland,1984,2.94,2.92,2.81,2.98
Switzerland,1985,3.76,3.64,3.21,3.13
Switzerland,1986,1.51,0.77,0.59,0.09
Switzerland,1987,0.86,1.13,1.82,1.99
Switzerland,1988,1.79,2.1,1.83,1.82
Switzerland,1989,2.29,2.85,3.15,4.35
Switzerland,1990,4.9,4.9,5.77,5.92
Switzerland,1991,5.9,6.25,6.1,5.28
Switzerland,1992,4.76,4.39,3.59,3.44
Switzerland,1993,3.47,3.48,3.51,2.64
Switzerland,1994,1.75,0.67,0.53,0.49
Switzerland,1995,1.37,1.86,2.04,1.93
Switzerland,1996,1.07,0.79,0.58,0.83
Switzerland,1997,0.75,0.55,0.48,0.31
Switzerland,1998,-0.03,0.07,0.1,-0.07
Switzerland,1999,0.31,0.58,0.99,1.43
Switzerland,2000,1.56,1.6,1.46,1.56
Switzerland,2001,1.02,1.5,1.03,0.41
Switzerland,2002,0.56,0.69,0.31,1.01
Switzerland,2003,1.05,0.54,0.45,0.52
Switzerland,2004,0.06,0.87,0.91,1.38
Switzerland,2005,1.35,1.06,1.18,1.1
Switzerland,2006,1.23,1.33,1.22,0.46
Switzerland,2007,0.09,0.52,0.63,1.68
Switzerland,2008,2.47,2.69,2.98,1.58
Switzerland,2009,-0.02,-0.75,-0.97,-0.18
Switzerland,2010,1.15,1,0.32,0.33
Switzerland,2011,0.57,0.4,0.4,-0.47
Switzerland,2012,-0.87,-0.99,-0.5,-0.3
Switzerland,2013,-0.37,-0.46,-0.06,-0.07
Switzerland,2014,-0.03,0.1,0.01,-0.13
Switzerland,2015,-0.73,-1.08,-1.36,-1.35
Taiwan,1981,22.43,19.59,14.98,9.38
Taiwan,1982,3.58,3.05,3.08,2.13
Taiwan,1983,2.75,2.79,-0.01,-0.02
Taiwan,1984,-1.19,-0.55,0.69,0.95
Taiwan,1985,1.41,-0.54,-0.82,-0.65
Taiwan,1986,-0.79,0.18,1.2,2.21
Taiwan,1987,0.81,0.09,0.79,0.37
Taiwan,1988,0.49,1.28,1.23,2.13
Taiwan,1989,3.92,5.15,4.31,4.28
Taiwan,1990,3.33,3.59,5.67,3.9
Taiwan,1991,5.07,3.84,1.93,3.72
Taiwan,1992,4.18,5.54,4.29,3.87
Taiwan,1993,3.32,3.06,2.43,2.96
Taiwan,1994,3.39,3.19,5.96,3.87
Taiwan,1995,4.17,4.13,2.51,3.89
Taiwan,1996,3.02,2.69,3.45,3.14
Taiwan,1997,1.71,1.03,1.1,-0.19
Taiwan,1998,1.58,1.74,0.56,2.87
Taiwan,1999,0.67,-0.15,0.3,-0.12
Taiwan,2000,0.85,1.4,1.12,1.64
Taiwan,2001,0.58,0.01,0.01,-0.62
Taiwan,2002,-0.09,0.02,-0.21,-0.51
Taiwan,2003,-0.21,-0.12,-0.59,-0.19
Taiwan,2004,0.51,1.2,2.89,1.85
Taiwan,2005,1.57,2.11,3.04,2.49
Taiwan,2006,1.35,1.52,-0.34,-0.1
Taiwan,2007,0.98,0.26,1.46,4.49
Taiwan,2008,3.58,4.19,4.52,1.86
Taiwan,2009,-0.01,-0.85,-1.35,-1.26
Taiwan,2010,1.28,1.1,0.37,1.11
Taiwan,2011,1.28,1.64,1.35,1.44
Taiwan,2012,1.28,1.65,2.95,1.84
Taiwan,2013,1.81,0.79,0.04,0.56
Taiwan,2014,0.8,1.64,1.51,0.84
Taiwan,2015,-0.59,-0.7,-0.26,0.44
The Netherland,1980,5.85,6.54,7.05,6.71
The Netherland,1981,6.65,6.4,6.67,7.21
The Netherland,1982,6.96,6.4,5.67,4.59
The Netherland,1983,3.21,2.58,2.52,2.76
The Netherland,1984,3.63,3.75,2.92,2.94
The Netherland,1985,2.33,2.53,2.3,1.76
The Netherland,1986,1.13,0.35,-0.43,-0.28
The Netherland,1987,-1.23,-1.13,-0.07,-0.37
The Netherland,1988,0.37,0.71,0.9,0.97
The Netherland,1989,0.84,1.03,1.16,1.29
The Netherland,1990,2.26,2.24,2.49,2.81
The Netherland,1991,2.76,2.74,3.44,3.58
The Netherland,1992,3.65,3.81,2.86,2.45
The Netherland,1993,2.5,2.35,2.78,2.7
The Netherland,1994,2.97,2.91,2.64,2.69
The Netherland,1995,2.4,2.18,1.63,1.5
The Netherland,1996,1.82,2.03,1.96,2.25
The Netherland,1997,2.01,1.92,2.37,2.4
The Netherland,1998,2.1,2.23,1.82,1.79
The Netherland,1999,2.16,2.23,2.26,2.13
The Netherland,2000,1.92,2.14,2.43,2.77
The Netherland,2001,3.94,4.4,4.3,4.01
The Netherland,2002,3.78,3.34,3.21,2.83
The Netherland,2003,2.44,2.03,2.09,1.9
The Netherland,2004,1.21,1.4,1.09,1.25
The Netherland,2005,1.63,1.52,1.73,1.81
The Netherland,2006,1.12,1.41,1.24,0.9
The Netherland,2007,1.57,1.79,1.3,1.8
The Netherland,2008,2.14,2.31,3.16,2.33
The Netherland,2009,1.95,1.62,0.28,0.93
The Netherland,2010,0.89,0.96,1.57,1.69
The Netherland,2011,1.86,2.12,2.87,2.51
The Netherland,2012,2.48,2.21,2.29,2.84
The Netherland,2013,2.99,2.71,2.81,1.59
The Netherland,2014,1.05,1.05,0.87,0.87
The Netherland,2015,0.17,0.86,0.86,0.69
Tunisia,1988,,,7.5,8.03
Tunisia,1989,8.47,8.1,7.51,6.94
Tunisia,1990,6.68,6.52,6.38,6.6
Tunisia,1991,7.86,8.25,8.85,7.81
Tunisia,1992,6.75,6.5,4.93,5.17
Tunisia,1993,4.26,3.26,4.03,4.34
Tunisia,1994,4.42,5.14,4.6,4.77
Tunisia,1995,5.59,6.4,6.75,6.22
Tunisia,1996,4.96,3.68,3.27,3.03
Tunisia,1997,3.33,3.75,3.87,3.66
Tunisia,1998,3.63,3.26,2.82,2.81
Tunisia,1999,2.72,2.83,2.56,2.65
Tunisia,2000,3.16,3,2.88,1.71
Tunisia,2001,1.19,1.6,2.53,3.7
Tunisia,2002,3.78,3.23,1.98,1.93
Tunisia,2003,1.31,1.98,3.28,4.26
Tunisia,2004,4.51,4.89,3.64,1.57
Tunisia,2005,1.42,1.4,1.88,3.37
Tunisia,2006,4.5,4.82,4.86,3.81
Tunisia,2007,2.56,2.79,3.6,4.69
Tunisia,2008,5.67,5.3,4.55,4.21
Tunisia,2009,3.21,3.14,3.73,4.01
Tunisia,2010,5.07,4.72,4.17,3.74
Tunisia,2011,3.04,3.19,3.69,4.24
Tunisia,2012,5.05,5.04,5.19,5.27
Tunisia,2013,5.83,6.31,5.51,5.55
Tunisia,2014,4.54,4.42,5.54,5.23
Tunisia,2015,5.64,5.32,4.21,4.29
Turkey,1980,117.6,130.83,108.31,92.05
Turkey,1981,57.76,30.56,33.51,29.9
Turkey,1982,32.2,32.13,27.4,31.82
Turkey,1983,28.97,29.7,30.48,35.85
Turkey,1984,35.67,49.06,55.38,51.88
Turkey,1985,55.42,44.03,38.47,44.07
Turkey,1986,37.9,34.58,35.16,31.62
Turkey,1987,32.24,38.62,38.76,44.52
Turkey,1988,66.34,74.52,76.85,75.7
Turkey,1989,62.25,60.43,64.85,64.93
Turkey,1990,60.81,63.19,56.87,60.68
Turkey,1991,62.61,63.18,68.75,68.2
Turkey,1992,78.34,69.8,66.36,67.87
Turkey,1993,58.62,63.76,70.78,69.35
Turkey,1994,72.14,113.81,109.54,120.64
Turkey,1995,123.7,81.57,85.42,76.46
Turkey,1996,78.31,82.23,80.77,79.91
Turkey,1997,76.92,77.56,87.71,96.11
Turkey,1998,99.27,91.79,82.3,72.91
Turkey,1999,64.42,63.7,64.88,66.06
Turkey,2000,68.83,61.65,52.66,42.32
Turkey,2001,35.63,52.29,58.59,67.45
Turkey,2002,70.33,47.04,39.46,31.61
Turkey,2003,27.62,29.98,25.07,19.45
Turkey,2004,14.07,9.33,9.53,9.66
Turkey,2005,10.41,10.38,10.1,9.69
Turkey,2006,8.08,9.61,10.83,9.83
Turkey,2007,10.32,9.51,7.14,8.16
Turkey,2008,8.81,10.34,11.65,10.93
Turkey,2009,8.37,5.7,5.33,5.71
Turkey,2010,9.29,9.22,8.38,7.43
Turkey,2011,4.34,5.89,6.37,9.2
Turkey,2012,10.49,9.42,9.04,6.77
Turkey,2013,7.21,6.98,8.31,7.48
Turkey,2014,8.01,9.4,9.24,8.76
Turkey,2015,7.47,7.74,7.3,8.16
UK,1981,12.7,11.69,11.24,11.9
UK,1982,11.13,9.37,7.99,6.17
UK,1983,4.94,3.79,4.64,5.04
UK,1984,5.16,5.15,4.7,4.82
UK,1985,5.53,6.95,6.33,5.53
UK,1986,4.94,2.78,2.6,3.41
UK,1987,3.91,4.22,4.32,4.13
UK,1988,3.39,3.84,4.4,4.58
UK,1989,5.05,5.26,5.17,5.47
UK,1990,5.77,6.7,7.5,7.87
UK,1991,7,8.38,7.71,7.03
UK,1992,7,4.28,3.3,2.63
UK,1993,2.36,2.45,2.78,2.43
UK,1994,2.43,1.98,1.74,1.77
UK,1995,2.49,2.46,2.74,2.93
UK,1996,2.67,2.48,2.32,2.46
UK,1997,1.87,1.55,1.89,1.8
UK,1998,1.61,1.86,1.41,1.47
UK,1999,1.55,1.42,1.24,1.13
UK,2000,0.8,0.61,0.79,0.93
UK,2001,0.83,1.5,1.54,1.07
UK,2002,1.57,0.95,1.02,1.48
UK,2003,1.48,1.26,1.4,1.32
UK,2004,1.25,1.41,1.27,1.44
UK,2005,1.75,1.94,2.38,2.13
UK,2006,1.95,2.24,2.42,2.71
UK,2007,2.84,2.58,1.78,2.09
UK,2008,2.38,3.37,4.81,3.88
UK,2009,3.01,2.12,1.46,2.09
UK,2010,3.26,3.44,3.09,3.36
UK,2011,4.13,4.37,4.74,4.69
UK,2012,3.49,2.74,2.41,2.67
UK,2013,2.77,2.69,2.68,2.09
UK,2014,1.76,1.72,1.45,0.92
UK,2015,0.08,0,0.03,0.11
USA,1980,14.25,14.45,12.89,12.55
USA,1981,11.19,9.81,10.86,9.58
USA,1982,7.63,6.8,5.79,4.51
USA,1983,3.62,3.33,2.63,3.31
USA,1984,4.48,4.32,4.19,4.06
USA,1985,3.61,3.71,3.36,3.53
USA,1986,3.11,1.64,1.65,1.32
USA,1987,2.19,3.78,4.16,4.47
USA,1988,3.94,3.9,4.12,4.29
USA,1989,4.82,5.22,4.67,4.6
USA,1990,5.23,4.58,5.53,6.22
USA,1991,5.29,4.85,3.88,2.99
USA,1992,2.87,3.1,3.1,3.05
USA,1993,3.2,3.15,2.74,2.72
USA,1994,2.52,2.38,2.88,2.65
USA,1995,2.84,3.09,2.64,2.65
USA,1996,2.74,2.85,2.94,3.19
USA,1997,2.95,2.34,2.2,1.87
USA,1998,1.46,1.6,1.6,1.55
USA,1999,1.67,2.11,2.35,2.62
USA,2000,3.24,3.33,3.51,3.43
USA,2001,3.39,3.38,2.7,1.86
USA,2002,1.25,1.3,1.59,2.2
USA,2003,2.87,2.13,2.2,1.9
USA,2004,1.79,2.87,2.73,3.32
USA,2005,3.04,2.95,3.83,3.74
USA,2006,3.65,4.01,3.34,1.94
USA,2007,2.42,2.65,2.36,3.97
USA,2008,4.1,4.38,5.3,1.6
USA,2009,-0.04,-1.15,-1.62,1.44
USA,2010,2.36,1.77,1.18,1.27
USA,2011,2.14,3.43,3.76,3.29
USA,2012,2.82,1.89,1.7,1.89
USA,2013,1.68,1.39,1.55,1.23
USA,2014,1.41,2.05,1.78,1.25
USA,2015,-0.06,-0.04,0.11,0.47
Ukraine,1993,958.28,1541.97,2928.2,8135.89
Ukraine,1994,5962.39,3125.18,1102,493.11
Ukraine,1995,437.25,461.67,502.04,260.61
Ukraine,1996,131.22,98.52,75.31,45.45
Ukraine,1997,24.28,17.86,13.15,9.86
Ukraine,1998,8.46,8.1,7.73,17.74
Ukraine,1999,21.19,25.38,25.99,18.65
Ukraine,2000,25.15,27.43,31.14,28.88
Ukraine,2001,19.37,14.54,8.91,6.09
Ukraine,2002,3.71,0.76,-0.91,-0.47
Ukraine,2003,2.22,4.52,6.44,7.72
Ukraine,2004,7.47,7.33,9.59,11.81
Ukraine,2005,13.55,14.54,14.56,11.55
Ukraine,2006,9.65,7.19,7.94,11.39
Ukraine,2007,10.16,11.41,14.09,15.54
Ukraine,2008,22.51,30.16,25.81,22.61
Ukraine,2009,20.39,15.04,15.27,13.34
Ukraine,2010,11.24,8.34,8.52,9.48
Ukraine,2011,7.63,10.68,8.37,4.98
Ukraine,2012,2.93,-0.37,0,-0.09
Ukraine,2013,-0.55,-0.37,-0.28,0.18
Ukraine,2014,1.75,9.95,14.83,22.32
Ukraine,2015,36.45,58.84,53.3,45.37
Vanuatu,1980,4.56,8.32,13.49,18.36
Vanuatu,1981,24.96,25.12,30.29,26.73
Vanuatu,1982,16.81,10.93,2.11,-1.2
Vanuatu,1983,0.89,0.72,0.22,4.81
Vanuatu,1984,6.36,6.7,5.92,3.17
Vanuatu,1985,2.01,0.67,0.67,0.92
Vanuatu,1986,0.85,4.26,5.96,8.01
Vanuatu,1987,13.81,15.93,16.6,17.69
Vanuatu,1988,11.75,9.45,8.25,5.9
Vanuatu,1989,8,7.96,7.18,7.86
Vanuatu,1990,5.82,4.05,4.85,4.35
Vanuatu,1991,6.3,8.28,5.7,5.63
Vanuatu,1992,4.7,2.3,4.09,5.14
Vanuatu,1993,3.86,4.05,4.65,1.75
Vanuatu,1994,1.82,3.29,1.45,2.66
Vanuatu,1995,4.79,0.36,2.13,1.67
Vanuatu,1996,-0.76,2.79,1.76,-0.11
Vanuatu,1997,1.42,2.28,2.49,5.16
Vanuatu,1998,2.69,1.59,4.75,4.08
Vanuatu,1999,4.19,3.97,0,0
Vanuatu,2000,0.5,1.41,3.83,4.12
Vanuatu,2001,5,4.75,2.62,2.31
Vanuatu,2002,1.24,2.08,2.27,2.26
Vanuatu,2003,3.48,2.41,3.23,2.95
Vanuatu,2004,1.91,1.36,1.61,0.81
Vanuatu,2005,0.98,1.34,0.62,1.87
Vanuatu,2006,1.94,2.2,2.1,1.92
Vanuatu,2007,3.47,4.13,4.03,4.19
Vanuatu,2008,3.6,3.9,6.03,5.75
Vanuatu,2009,6.1,5.3,3.4,2.3
Vanuatu,2010,2.8,2.7,2.3,3.44
Vanuatu,2011,0.65,0.63,0.99,1.17
Vanuatu,2012,2.06,1.49,1.09,0.83
Vanuatu,2013,1.37,1.49,1.44,1.48
Vanuatu,2014,0.71,0.64,0.78,1.06
Vanuatu,2015,0.99,5.72,1.76,
Venezuela,1981,19.49,17.13,16.47,11.5
Venezuela,1982,10.2,10.6,9.46,8.5
Venezuela,1983,6.9,5.96,5.62,6.83
Venezuela,1984,7.5,10.62,12.83,15.12
Venezuela,1985,16.02,12.11,9.2,8.72
Venezuela,1986,10.72,10.11,12.07,13.22
Venezuela,1987,15.43,24.65,33.65,37.77
Venezuela,1988,33.33,25.75,26.48,32.48
Venezuela,1989,51.34,98.87,95.65,88.49
Venezuela,1990,70.5,33.79,33.95,34.18
Venezuela,1991,35.98,36.06,33.58,31.78
Venezuela,1992,30.48,31.43,31.83,31.78
Venezuela,1993,34.02,35.58,37.54,44.19
Venezuela,1994,47.43,53.33,67.9,70.65
Venezuela,1995,69.81,67.61,53.35,53.73
Venezuela,1996,71.98,97.83,114.32,108.84
Venezuela,1997,82.97,52.45,39.76,38.08
Venezuela,1998,37.09,39.5,36.36,31.12
Venezuela,1999,28.9,24.05,22.22,20.06
Venezuela,2000,18.15,17.16,15.56,14.26
Venezuela,2001,12.49,12.42,12.7,12.52
Venezuela,2002,14.47,18.89,24.83,30.68
Venezuela,2003,35.44,34.27,29.57,26.3
Venezuela,2004,23.88,22.44,21.59,19.44
Venezuela,2005,16.93,16.39,15.46,15.16
Venezuela,2006,12.49,11.2,14.66,16.02
Venezuela,2007,19.07,19.46,16.14,20.14
Venezuela,2008,25.46,29.62,33.57,32.33
Venezuela,2009,29,26.95,26.68,25.97
Venezuela,2010,25.26,30.93,29.26,27.16
Venezuela,2011,28.39,23.02,25.78,27.26
Venezuela,2012,25.44,22.53,18.52,18.55
Venezuela,2013,23.45,34.8,45.94,56.07
Venezuela,2014,57.69,60.98,63.32,65.19
Venezuela,2015,87.01,108.9,151.06,200.01
